event_id,event_date,region,event_type,account_name,value,note
EVT-5001,2025-08-01,North,complaint,,,wrong item
EVT-5002,2025-08-01,South,complaint,,,damaged item
EVT-5003,2025-08-02,East,complaint,,,billing issue
EVT-5004,2025-08-02,North,complaint,,,billing issue
EVT-5005,2025-08-02,South,complaint,,,wrong item
EVT-5006,2025-08-03,East,complaint,,,late delivery
EVT-5007,2025-08-03,North-West,complaint,,,late delivery
EVT-5008,2025-08-03,South,complaint,,,billing issue
EVT-5009,2025-08-03,West,complaint,,,billing issue
EVT-5010,2025-08-04,North-West,complaint,,,billing issue
EVT-5011,2025-08-04,South,complaint,,,damaged item
EVT-5012,2025-08-05,North,complaint,,,damaged item
EVT-5013,2025-08-05,North,complaint,,,wrong item
EVT-5014,2025-08-06,North-West,complaint,,,damaged item
EVT-5015,2025-08-06,North-West,complaint,,,late delivery
EVT-5016,2025-08-06,North-West,complaint,,,late delivery
EVT-5017,2025-08-06,West,complaint,,,billing issue
EVT-5018,2025-08-07,East,complaint,,,damaged item
EVT-5019,2025-08-07,North,complaint,,,wrong item
EVT-5020,2025-08-07,North-West,complaint,,,billing issue
EVT-5021,2025-08-07,North-West,complaint,,,damaged item
EVT-5022,2025-08-07,South,complaint,,,damaged item
EVT-5023,2025-08-08,East,complaint,,,damaged item
EVT-5024,2025-08-08,North,complaint,,,late delivery
EVT-5025,2025-08-08,South,complaint,,,damaged item
EVT-5026,2025-08-09,North-West,complaint,,,late delivery
EVT-5027,2025-08-09,West,complaint,,,late delivery
EVT-5028,2025-08-10,North,complaint,,,billing issue
EVT-5029,2025-08-11,North-West,complaint,,,billing issue
EVT-5030,2025-08-11,South,complaint,,,late delivery
EVT-5031,2025-08-12,North,complaint,,,billing issue
EVT-5032,2025-08-12,North-West,complaint,,,billing issue
EVT-5033,2025-08-13,East,complaint,,,damaged item
EVT-5034,2025-08-14,North-West,complaint,,,billing issue
EVT-5035,2025-08-14,North-West,complaint,,,late delivery
EVT-5036,2025-08-14,North-West,complaint,,,damaged item
EVT-5037,2025-08-14,South,complaint,,,late delivery
EVT-5038,2025-08-16,North,complaint,,,billing issue
EVT-5039,2025-08-16,North-West,complaint,,,billing issue
EVT-5040,2025-08-17,North-West,complaint,,,damaged item
EVT-5041,2025-08-18,North,complaint,,,late delivery
EVT-5042,2025-08-18,North,complaint,,,damaged item
EVT-5043,2025-08-18,North-West,complaint,,,wrong item
EVT-5044,2025-08-18,North-West,complaint,,,damaged item
EVT-5045,2025-08-18,North-West,complaint,,,damaged item
EVT-5046,2025-08-18,North-West,complaint,,,wrong item
EVT-5047,2025-08-19,North,complaint,,,wrong item
EVT-5048,2025-08-19,South,complaint,,,billing issue
EVT-5049,2025-08-19,West,complaint,,,damaged item
EVT-5050,2025-08-21,East,complaint,,,late delivery
EVT-5051,2025-08-21,South,complaint,,,billing issue
EVT-5052,2025-08-22,North,complaint,,,late delivery
EVT-5053,2025-08-22,North,complaint,,,damaged item
EVT-5054,2025-08-22,North,complaint,,,billing issue
EVT-5055,2025-08-22,North-West,complaint,,,wrong item
EVT-5056,2025-08-22,West,complaint,,,wrong item
EVT-5057,2025-08-23,North-West,complaint,,,late delivery
EVT-5058,2025-08-24,East,complaint,,,damaged item
EVT-5059,2025-08-24,North,complaint,,,wrong item
EVT-5060,2025-08-24,North-West,complaint,,,late delivery
EVT-5061,2025-08-24,South,complaint,,,late delivery
EVT-5062,2025-08-25,South,complaint,,,wrong item
EVT-5063,2025-08-25,West,complaint,,,late delivery
EVT-5064,2025-08-26,South,complaint,,,billing issue
EVT-5065,2025-08-26,West,complaint,,,damaged item
EVT-5066,2025-08-27,East,complaint,,,damaged item
EVT-5067,2025-08-27,East,complaint,,,late delivery
EVT-5068,2025-08-27,South,complaint,,,wrong item
EVT-5069,2025-08-28,West,complaint,,,late delivery
EVT-5070,2025-08-29,North-West,complaint,,,late delivery
EVT-5071,2025-08-29,North-West,complaint,,,damaged item
EVT-5072,2025-08-29,West,complaint,,,damaged item
EVT-5073,2025-08-30,North-West,complaint,,,wrong item
EVT-5074,2025-08-31,South,complaint,,,wrong item
EVT-5075,2025-09-02,North-West,complaint,,,billing issue
EVT-5076,2025-09-03,North,complaint,,,wrong item
EVT-5077,2025-09-03,West,complaint,,,late delivery
EVT-5078,2025-09-04,North,complaint,,,billing issue
EVT-5079,2025-09-06,East,complaint,,,billing issue
EVT-5080,2025-09-06,East,complaint,,,billing issue
EVT-5081,2025-09-06,North-West,complaint,,,billing issue
EVT-5082,2025-09-07,North-West,complaint,,,late delivery
EVT-5083,2025-09-07,South,complaint,,,wrong item
EVT-5084,2025-09-07,West,complaint,,,late delivery
EVT-5085,2025-09-07,West,complaint,,,wrong item
EVT-5086,2025-09-08,West,complaint,,,wrong item
EVT-5087,2025-09-09,East,complaint,,,billing issue
EVT-5088,2025-09-09,North,complaint,,,billing issue
EVT-5089,2025-09-09,South,complaint,,,damaged item
EVT-5090,2025-09-10,North,complaint,,,late delivery
EVT-5091,2025-09-10,South,complaint,,,billing issue
EVT-5092,2025-09-11,East,complaint,,,damaged item
EVT-5093,2025-09-11,North,complaint,,,late delivery
EVT-5094,2025-09-11,North-West,complaint,,,late delivery
EVT-5095,2025-09-11,North-West,complaint,,,late delivery
EVT-5096,2025-09-14,South,complaint,,,late delivery
EVT-5097,2025-09-14,South,complaint,,,late delivery
EVT-5098,2025-09-15,North,complaint,,,billing issue
EVT-5099,2025-09-15,West,complaint,,,late delivery
EVT-5100,2025-09-16,North-West,complaint,,,wrong item
EVT-5101,2025-09-16,South,complaint,,,billing issue
EVT-5102,2025-09-17,North-West,complaint,,,late delivery
EVT-5103,2025-09-17,North-West,complaint,,,late delivery
EVT-5104,2025-09-17,North-West,complaint,,,damaged item
EVT-5105,2025-09-17,South,complaint,,,wrong item
EVT-5106,2025-09-18,North-West,complaint,,,damaged item
EVT-5107,2025-09-18,South,complaint,,,damaged item
EVT-5108,2025-09-19,North,complaint,,,late delivery
EVT-5109,2025-09-19,North,complaint,,,damaged item
EVT-5110,2025-09-19,North,complaint,,,wrong item
EVT-5111,2025-09-19,North-West,complaint,,,wrong item
EVT-5112,2025-09-19,North-West,complaint,,,billing issue
EVT-5113,2025-09-19,South,complaint,,,billing issue
EVT-5114,2025-09-20,North,complaint,,,billing issue
EVT-5115,2025-09-21,North,complaint,,,damaged item
EVT-5116,2025-09-21,South,complaint,,,billing issue
EVT-5117,2025-09-22,North,complaint,,,late delivery
EVT-5118,2025-09-22,North,complaint,,,damaged item
EVT-5119,2025-09-22,North-West,complaint,,,late delivery
EVT-5120,2025-09-22,South,complaint,,,wrong item
EVT-5121,2025-09-22,South,complaint,,,damaged item
EVT-5122,2025-09-22,West,complaint,,,late delivery
EVT-5123,2025-09-22,West,complaint,,,damaged item
EVT-5124,2025-09-23,North,complaint,,,damaged item
EVT-5125,2025-09-23,North-West,complaint,,,billing issue
EVT-5126,2025-09-23,South,complaint,,,billing issue
EVT-5127,2025-09-23,West,complaint,,,late delivery
EVT-5128,2025-09-24,North,complaint,,,late delivery
EVT-5129,2025-09-24,West,complaint,,,late delivery
EVT-5130,2025-09-24,West,complaint,,,late delivery
EVT-5131,2025-09-24,West,complaint,,,damaged item
EVT-5132,2025-09-25,North-West,complaint,,,late delivery
EVT-5133,2025-09-25,South,complaint,,,billing issue
EVT-5134,2025-09-25,South,complaint,,,damaged item
EVT-5135,2025-09-25,South,complaint,,,billing issue
EVT-5136,2025-09-25,South,complaint,,,billing issue
EVT-5137,2025-09-25,West,complaint,,,billing issue
EVT-5138,2025-09-26,North,complaint,,,wrong item
EVT-5139,2025-09-26,North-West,complaint,,,late delivery
EVT-5140,2025-09-26,West,complaint,,,late delivery
EVT-5141,2025-09-27,North-West,complaint,,,billing issue
EVT-5142,2025-09-27,North-West,complaint,,,late delivery
EVT-5143,2025-09-27,North-West,complaint,,,wrong item
EVT-5144,2025-09-27,North-West,complaint,,,billing issue
EVT-5145,2025-09-27,South,complaint,,,late delivery
EVT-5146,2025-09-28,North-West,complaint,,,damaged item
EVT-5147,2025-09-28,West,complaint,,,wrong item
EVT-5148,2025-09-29,South,complaint,,,billing issue
EVT-5149,2025-09-29,West,complaint,,,wrong item
EVT-5150,2025-09-29,West,complaint,,,late delivery
EVT-5151,2025-09-30,East,complaint,,,wrong item
EVT-5152,2025-09-30,North-West,complaint,,,billing issue
EVT-5153,2025-09-30,South,complaint,,,late delivery
EVT-5154,2025-09-30,West,complaint,,,billing issue
EVT-5155,2025-10-01,North,complaint,,,damaged item
EVT-5156,2025-10-01,South,complaint,,,late delivery
EVT-5157,2025-10-02,East,complaint,,,wrong item
EVT-5158,2025-10-02,North-West,complaint,,,wrong item
EVT-5159,2025-10-02,North-West,complaint,,,billing issue
EVT-5160,2025-10-02,North-West,complaint,,,damaged item
EVT-5161,2025-10-02,West,complaint,,,late delivery
EVT-5162,2025-10-03,North-West,complaint,,,late delivery
EVT-5163,2025-10-03,North-West,complaint,,,wrong item
EVT-5164,2025-10-03,West,complaint,,,damaged item
EVT-5165,2025-10-04,East,complaint,,,late delivery
EVT-5166,2025-10-04,East,complaint,,,wrong item
EVT-5167,2025-10-04,East,complaint,,,damaged item
EVT-5168,2025-10-04,North-West,complaint,,,billing issue
EVT-5169,2025-10-05,East,complaint,,,damaged item
EVT-5170,2025-10-05,South,complaint,,,wrong item
EVT-5171,2025-10-05,West,complaint,,,billing issue
EVT-5172,2025-10-06,East,complaint,,,damaged item
EVT-5173,2025-10-06,South,complaint,,,late delivery
EVT-5174,2025-10-07,North,complaint,,,late delivery
EVT-5175,2025-10-07,West,complaint,,,late delivery
EVT-5176,2025-10-07,West,complaint,,,wrong item
EVT-5177,2025-10-08,North,complaint,,,wrong item
EVT-5178,2025-10-08,South,complaint,,,wrong item
EVT-5179,2025-10-09,East,complaint,,,wrong item
EVT-5180,2025-10-09,North,complaint,,,damaged item
EVT-5181,2025-10-11,South,complaint,,,late delivery
EVT-5182,2025-10-12,South,complaint,,,late delivery
EVT-5183,2025-10-12,West,complaint,,,wrong item
EVT-5184,2025-10-13,North,complaint,,,wrong item
EVT-5185,2025-10-13,North-West,complaint,,,billing issue
EVT-5186,2025-10-13,North-West,complaint,,,late delivery
EVT-5187,2025-10-13,South,complaint,,,damaged item
EVT-5188,2025-10-13,South,complaint,,,damaged item
EVT-5189,2025-10-14,East,complaint,,,late delivery
EVT-5190,2025-10-14,North-West,complaint,,,wrong item
EVT-5191,2025-10-15,North,complaint,,,damaged item
EVT-5192,2025-10-16,North-West,complaint,,,wrong item
EVT-5193,2025-10-16,North-West,complaint,,,damaged item
EVT-5194,2025-10-16,South,complaint,,,billing issue
EVT-5195,2025-10-17,North-West,complaint,,,wrong item
EVT-5196,2025-10-18,East,complaint,,,billing issue
EVT-5197,2025-10-19,North-West,complaint,,,billing issue
EVT-5198,2025-10-19,South,complaint,,,billing issue
EVT-5199,2025-10-19,West,complaint,,,billing issue
EVT-5200,2025-10-21,North-West,complaint,,,damaged item
EVT-5201,2025-10-21,North-West,complaint,,,late delivery
EVT-5202,2025-10-21,South,complaint,,,late delivery
EVT-5203,2025-10-22,West,complaint,,,late delivery
EVT-5204,2025-10-23,North-West,complaint,,,late delivery
EVT-5205,2025-10-23,North-West,complaint,,,wrong item
EVT-5206,2025-10-23,West,complaint,,,billing issue
EVT-5207,2025-10-24,East,complaint,,,damaged item
EVT-5208,2025-10-24,East,complaint,,,billing issue
EVT-5209,2025-10-24,East,complaint,,,wrong item
EVT-5210,2025-10-24,North,complaint,,,damaged item
EVT-5211,2025-10-24,South,complaint,,,late delivery
EVT-5212,2025-10-24,West,complaint,,,damaged item
EVT-5213,2025-10-25,South,complaint,,,wrong item
EVT-5214,2025-10-26,North,complaint,,,late delivery
EVT-5215,2025-10-26,North-West,complaint,,,late delivery
EVT-5216,2025-10-26,West,complaint,,,damaged item
EVT-5217,2025-10-26,West,complaint,,,late delivery
EVT-5218,2025-10-27,North,complaint,,,wrong item
EVT-5219,2025-10-27,North-West,complaint,,,wrong item
EVT-5220,2025-10-28,West,complaint,,,billing issue
EVT-5221,2025-10-28,West,complaint,,,damaged item
EVT-5222,2025-10-29,South,complaint,,,billing issue
EVT-5223,2025-10-30,East,complaint,,,billing issue
EVT-5224,2025-10-30,North,complaint,,,late delivery
EVT-5225,2025-10-30,North-West,complaint,,,damaged item
EVT-5226,2025-10-30,North-West,complaint,,,billing issue
EVT-5227,2025-10-30,South,complaint,,,billing issue
EVT-5228,2025-10-31,North-West,complaint,,,late delivery
EVT-5229,2025-10-31,South,complaint,,,damaged item
EVT-5230,2025-10-31,West,complaint,,,late delivery
EVT-5231,2025-11-01,North,complaint,,,late delivery
EVT-5232,2025-11-01,North-West,complaint,,,damaged item
EVT-5233,2025-11-01,West,complaint,,,billing issue
EVT-5234,2025-11-02,North,complaint,,,late delivery
EVT-5235,2025-11-03,North,complaint,,,damaged item
EVT-5236,2025-11-04,East,complaint,,,wrong item
EVT-5237,2025-11-04,North-West,complaint,,,wrong item
EVT-5238,2025-11-05,North-West,complaint,,,damaged item
EVT-5239,2025-11-05,North-West,complaint,,,damaged item
EVT-5240,2025-11-05,South,complaint,,,damaged item
EVT-5241,2025-11-07,North-West,complaint,,,damaged item
EVT-5242,2025-11-07,North-West,complaint,,,damaged item
EVT-5243,2025-11-07,South,complaint,,,late delivery
EVT-5244,2025-11-08,North-West,complaint,,,late delivery
EVT-5245,2025-11-08,South,complaint,,,damaged item
EVT-5246,2025-11-09,South,complaint,,,billing issue
EVT-5247,2025-11-10,East,complaint,,,damaged item
EVT-5248,2025-11-10,East,complaint,,,damaged item
EVT-5249,2025-11-11,South,complaint,,,late delivery
EVT-5250,2025-11-12,East,complaint,,,wrong item
EVT-5251,2025-11-12,North,complaint,,,damaged item
EVT-5252,2025-11-13,South,complaint,,,wrong item
EVT-5253,2025-11-14,North-West,complaint,,,damaged item
EVT-5254,2025-11-14,South,complaint,,,billing issue
EVT-5255,2025-11-14,West,complaint,,,billing issue
EVT-5256,2025-11-15,North-West,complaint,,,wrong item
EVT-5257,2025-11-15,North-West,complaint,,,damaged item
EVT-5258,2025-11-15,South,complaint,,,billing issue
EVT-5259,2025-11-15,South,complaint,,,late delivery
EVT-5260,2025-11-15,West,complaint,,,wrong item
EVT-5261,2025-11-16,North,complaint,,,late delivery
EVT-5262,2025-11-16,North-West,complaint,,,wrong item
EVT-5263,2025-11-16,South,complaint,,,billing issue
EVT-5264,2025-11-16,South,complaint,,,late delivery
EVT-5265,2025-11-17,North,complaint,,,damaged item
EVT-5266,2025-11-17,North-West,complaint,,,billing issue
EVT-5267,2025-11-17,North-West,complaint,,,damaged item
EVT-5268,2025-11-17,South,complaint,,,late delivery
EVT-5269,2025-11-18,North,complaint,,,late delivery
EVT-5270,2025-11-19,East,complaint,,,damaged item
EVT-5271,2025-11-19,East,complaint,,,wrong item
EVT-5272,2025-11-19,North-West,complaint,,,damaged item
EVT-5273,2025-11-20,East,complaint,,,wrong item
EVT-5274,2025-11-20,North,complaint,,,damaged item
EVT-5275,2025-11-20,North-West,complaint,,,wrong item
EVT-5276,2025-11-20,North-West,complaint,,,wrong item
EVT-5277,2025-11-20,South,complaint,,,late delivery
EVT-5278,2025-11-20,West,complaint,,,wrong item
EVT-5279,2025-11-21,North-West,complaint,,,billing issue
EVT-5280,2025-11-21,North-West,complaint,,,billing issue
EVT-5281,2025-11-21,North-West,complaint,,,billing issue
EVT-5282,2025-11-21,West,complaint,,,wrong item
EVT-5283,2025-11-23,North,complaint,,,damaged item
EVT-5284,2025-11-23,North-West,complaint,,,late delivery
EVT-5285,2025-11-23,West,complaint,,,damaged item
EVT-5286,2025-11-25,North,complaint,,,billing issue
EVT-5287,2025-11-26,East,complaint,,,wrong item
EVT-5288,2025-11-26,South,complaint,,,damaged item
EVT-5289,2025-11-26,West,complaint,,,damaged item
EVT-5290,2025-11-27,North-West,complaint,,,wrong item
EVT-5291,2025-11-28,North-West,complaint,,,billing issue
EVT-5292,2025-11-28,North-West,complaint,,,late delivery
EVT-5293,2025-11-28,North-West,complaint,,,damaged item
EVT-5294,2025-11-28,South,complaint,,,damaged item
EVT-5295,2025-11-28,West,complaint,,,damaged item
EVT-5296,2025-11-29,North-West,complaint,,,billing issue
EVT-5297,2025-11-29,North-West,complaint,,,billing issue
EVT-5298,2025-11-29,South,complaint,,,late delivery
EVT-5299,2025-11-30,North-West,complaint,,,billing issue
EVT-5300,2025-12-01,North-West,complaint,,,billing issue
EVT-5301,2025-12-01,North-West,complaint,,,damaged item
EVT-5302,2025-12-01,West,complaint,,,damaged item
EVT-5303,2025-12-02,North,complaint,,,damaged item
EVT-5304,2025-12-02,North-West,complaint,,,billing issue
EVT-5305,2025-12-02,North-West,complaint,,,wrong item
EVT-5306,2025-12-02,West,complaint,,,damaged item
EVT-5307,2025-12-03,East,complaint,,,billing issue
EVT-5308,2025-12-03,North-West,complaint,,,damaged item
EVT-5309,2025-12-03,West,complaint,,,billing issue
EVT-5310,2025-12-03,West,complaint,,,damaged item
EVT-5311,2025-12-04,North-West,complaint,,,wrong item
EVT-5312,2025-12-05,East,complaint,,,damaged item
EVT-5313,2025-12-05,North-West,complaint,,,damaged item
EVT-5314,2025-12-06,North,complaint,,,wrong item
EVT-5315,2025-12-06,West,complaint,,,wrong item
EVT-5316,2025-12-07,North-West,complaint,,,billing issue
EVT-5317,2025-12-08,South,complaint,,,damaged item
EVT-5318,2025-12-08,West,complaint,,,wrong item
EVT-5319,2025-12-09,North,complaint,,,damaged item
EVT-5320,2025-12-09,West,complaint,,,late delivery
EVT-5321,2025-12-10,North-West,complaint,,,wrong item
EVT-5322,2025-12-10,North-West,complaint,,,wrong item
EVT-5323,2025-12-11,North,complaint,,,wrong item
EVT-5324,2025-12-11,North-West,complaint,,,wrong item
EVT-5325,2025-12-12,East,complaint,,,wrong item
EVT-5326,2025-12-12,North-West,complaint,,,damaged item
EVT-5327,2025-12-12,West,complaint,,,late delivery
EVT-5328,2025-12-13,East,complaint,,,damaged item
EVT-5329,2025-12-13,North-West,complaint,,,late delivery
EVT-5330,2025-12-13,West,complaint,,,damaged item
EVT-5331,2025-12-14,North,complaint,,,damaged item
EVT-5332,2025-12-14,North-West,complaint,,,late delivery
EVT-5333,2025-12-15,North-West,complaint,,,late delivery
EVT-5334,2025-12-16,North,complaint,,,billing issue
EVT-5335,2025-12-16,South,complaint,,,late delivery
EVT-5336,2025-12-16,South,complaint,,,wrong item
EVT-5337,2025-12-17,East,complaint,,,damaged item
EVT-5338,2025-12-17,West,complaint,,,billing issue
EVT-5339,2025-12-18,East,complaint,,,billing issue
EVT-5340,2025-12-18,North,complaint,,,late delivery
EVT-5341,2025-12-18,North,complaint,,,late delivery
EVT-5342,2025-12-18,North-West,complaint,,,late delivery
EVT-5343,2025-12-19,East,complaint,,,wrong item
EVT-5344,2025-12-19,South,complaint,,,damaged item
EVT-5345,2025-12-20,East,complaint,,,wrong item
EVT-5346,2025-12-20,North,complaint,,,damaged item
EVT-5347,2025-12-20,North,complaint,,,damaged item
EVT-5348,2025-12-20,West,complaint,,,late delivery
EVT-5349,2025-12-20,West,complaint,,,damaged item
EVT-5350,2025-12-21,North-West,complaint,,,billing issue
EVT-5351,2025-12-21,South,complaint,,,wrong item
EVT-5352,2025-12-21,West,complaint,,,late delivery
EVT-5353,2025-12-22,South,complaint,,,late delivery
EVT-5354,2025-12-22,West,complaint,,,damaged item
EVT-5355,2025-12-23,West,complaint,,,late delivery
EVT-5356,2025-12-24,North-West,complaint,,,damaged item
EVT-5357,2025-12-25,North-West,complaint,,,wrong item
EVT-5358,2025-12-25,South,complaint,,,late delivery
EVT-5359,2025-12-25,South,complaint,,,late delivery
EVT-5360,2025-12-25,West,complaint,,,billing issue
EVT-5361,2025-12-26,East,complaint,,,late delivery
EVT-5362,2025-12-26,South,complaint,,,late delivery
EVT-5363,2025-12-26,South,complaint,,,wrong item
EVT-5364,2025-12-26,West,complaint,,,wrong item
EVT-5365,2025-12-27,East,complaint,,,late delivery
EVT-5366,2025-12-27,North-West,complaint,,,late delivery
EVT-5367,2025-12-28,East,complaint,,,billing issue
EVT-5368,2025-12-28,North-West,complaint,,,late delivery
EVT-5369,2025-12-28,North-West,complaint,,,wrong item
EVT-5370,2025-12-28,West,complaint,,,billing issue
EVT-5371,2025-12-29,North-West,complaint,,,damaged item
EVT-5372,2025-12-29,North-West,complaint,,,late delivery
EVT-5373,2025-12-29,North-West,complaint,,,late delivery
EVT-5374,2025-12-29,North-West,complaint,,,billing issue
EVT-5375,2025-12-29,South,complaint,,,damaged item
EVT-5376,2025-12-30,North-West,complaint,,,late delivery
EVT-5377,2025-12-30,North-West,complaint,,,damaged item
EVT-5378,2025-12-30,South,complaint,,,damaged item
EVT-5379,2025-12-30,West,complaint,,,late delivery
EVT-5380,2025-12-30,West,complaint,,,late delivery
EVT-5381,2025-12-31,East,complaint,,,damaged item
EVT-5382,2025-12-31,North,complaint,,,wrong item
EVT-5383,2025-12-31,North,complaint,,,damaged item
EVT-5384,2025-12-31,North-West,complaint,,,late delivery
EVT-5385,2025-12-31,North-West,complaint,,,late delivery
EVT-5386,2025-12-31,West,complaint,,,billing issue
EVT-5387,2026-01-01,East,complaint,,,late delivery
EVT-5388,2026-01-01,North-West,complaint,,,damaged item
EVT-5389,2026-01-01,West,complaint,,,wrong item
EVT-5390,2026-01-02,East,complaint,,,wrong item
EVT-5391,2026-01-02,North,complaint,,,wrong item
EVT-5392,2026-01-02,North-West,complaint,,,damaged item
EVT-5393,2026-01-02,South,complaint,,,wrong item
EVT-5394,2026-01-03,West,complaint,,,damaged item
EVT-5395,2026-01-04,North-West,complaint,,,damaged item
EVT-5396,2026-01-04,North-West,complaint,,,damaged item
EVT-5397,2026-01-04,North-West,complaint,,,damaged item
EVT-5398,2026-01-05,East,complaint,,,damaged item
EVT-5399,2026-01-05,South,complaint,,,late delivery
EVT-5400,2026-01-05,West,complaint,,,damaged item
EVT-5401,2026-01-06,East,complaint,,,late delivery
EVT-5402,2026-01-06,North-West,complaint,,,damaged item
EVT-5403,2026-01-06,South,complaint,,,wrong item
EVT-5404,2026-01-06,South,complaint,,,billing issue
EVT-5405,2026-01-06,West,complaint,,,wrong item
EVT-5406,2026-01-08,North-West,complaint,,,wrong item
EVT-5407,2026-01-08,North-West,complaint,,,damaged item
EVT-5408,2026-01-08,South,complaint,,,wrong item
EVT-5409,2026-01-08,South,complaint,,,damaged item
EVT-5410,2026-01-08,West,complaint,,,billing issue
EVT-5411,2026-01-09,North-West,complaint,,,late delivery
EVT-5412,2026-01-09,North-West,complaint,,,billing issue
EVT-5413,2026-01-10,North-West,complaint,,,wrong item
EVT-5414,2026-01-10,North-West,complaint,,,wrong item
EVT-5415,2026-01-10,South,complaint,,,wrong item
EVT-5416,2026-01-10,West,complaint,,,wrong item
EVT-5417,2026-01-11,East,complaint,,,late delivery
EVT-5418,2026-01-11,East,complaint,,,billing issue
EVT-5419,2026-01-11,North,complaint,,,damaged item
EVT-5420,2026-01-12,North-West,complaint,,,wrong item
EVT-5421,2026-01-12,South,complaint,,,late delivery
EVT-5422,2026-01-12,South,complaint,,,damaged item
EVT-5423,2026-01-12,West,complaint,,,damaged item
EVT-5424,2026-01-13,East,complaint,,,late delivery
EVT-5425,2026-01-13,North-West,complaint,,,late delivery
EVT-5426,2026-01-14,East,complaint,,,wrong item
EVT-5427,2026-01-14,North-West,complaint,,,late delivery
EVT-5428,2026-01-14,North-West,complaint,,,wrong item
EVT-5429,2026-01-14,South,complaint,,,billing issue
EVT-5430,2026-01-16,North-West,complaint,,,damaged item
EVT-5431,2026-01-16,North-West,complaint,,,wrong item
EVT-5432,2026-01-16,North-West,complaint,,,wrong item
EVT-5433,2026-01-17,North-West,complaint,,,late delivery
EVT-5434,2026-01-17,West,complaint,,,billing issue
EVT-5435,2026-01-18,East,complaint,,,wrong item
EVT-5436,2026-01-19,North,complaint,,,billing issue
EVT-5437,2026-01-19,North,complaint,,,wrong item
EVT-5438,2026-01-19,West,complaint,,,billing issue
EVT-5439,2026-01-20,North,complaint,,,damaged item
EVT-5440,2026-01-20,North-West,complaint,,,damaged item
EVT-5441,2026-01-20,North-West,complaint,,,late delivery
EVT-5442,2026-01-20,North-West,complaint,,,damaged item
EVT-5443,2026-01-21,North-West,complaint,,,damaged item
EVT-5444,2026-01-23,East,complaint,,,wrong item
EVT-5445,2026-01-23,North,complaint,,,wrong item
EVT-5446,2026-01-23,South,complaint,,,wrong item
EVT-5447,2026-01-24,West,complaint,,,wrong item
EVT-5448,2026-01-25,North,complaint,,,damaged item
EVT-5449,2026-01-25,North,complaint,,,damaged item
EVT-5450,2026-01-26,North,complaint,,,damaged item
EVT-5451,2026-01-26,North,complaint,,,damaged item
EVT-5452,2026-01-26,West,complaint,,,damaged item
EVT-5453,2026-01-27,North-West,complaint,,,late delivery
EVT-5454,2026-01-27,North-West,complaint,,,damaged item
EVT-5455,2026-01-27,North-West,complaint,,,damaged item
EVT-5456,2026-01-27,South,complaint,,,damaged item
EVT-5457,2026-01-28,North-West,complaint,,,wrong item
EVT-5458,2026-01-28,North-West,complaint,,,damaged item
EVT-5459,2026-01-28,South,complaint,,,late delivery
EVT-5460,2026-01-29,North-West,complaint,,,damaged item
EVT-5461,2026-01-29,West,complaint,,,damaged item
EVT-5462,2026-01-30,East,complaint,,,wrong item
EVT-5463,2026-01-30,North,complaint,,,damaged item
EVT-5464,2026-01-30,North-West,complaint,,,late delivery
EVT-5465,2026-01-30,North-West,complaint,,,billing issue
EVT-5466,2026-01-30,South,complaint,,,damaged item
EVT-5467,2026-01-30,West,complaint,,,billing issue
EVT-5468,2026-01-31,East,complaint,,,billing issue
EVT-5469,2026-01-31,North,complaint,,,late delivery
EVT-5470,2026-01-31,North-West,complaint,,,damaged item
EVT-5471,2026-02-01,North,complaint,,,billing issue
EVT-5472,2026-02-01,North-West,complaint,,,wrong item
EVT-5473,2026-02-01,West,complaint,,,wrong item
EVT-5474,2026-02-02,East,complaint,,,late delivery
EVT-5475,2026-02-02,North-West,complaint,,,late delivery
EVT-5476,2026-02-03,North,complaint,,,damaged item
EVT-5477,2026-02-03,North-West,complaint,,,wrong item
EVT-5478,2026-02-03,South,complaint,,,wrong item
EVT-5479,2026-02-04,North,complaint,,,damaged item
EVT-5480,2026-02-04,West,complaint,,,billing issue
EVT-5481,2026-02-05,East,complaint,,,damaged item
EVT-5482,2026-02-05,East,complaint,,,billing issue
EVT-5483,2026-02-05,North,complaint,,,damaged item
EVT-5484,2026-02-05,North-West,complaint,,,wrong item
EVT-5485,2026-02-05,North-West,complaint,,,wrong item
EVT-5486,2026-02-05,South,complaint,,,damaged item
EVT-5487,2026-02-06,North-West,complaint,,,late delivery
EVT-5488,2026-02-06,South,complaint,,,late delivery
EVT-5489,2026-02-06,South,complaint,,,wrong item
EVT-5490,2026-02-06,West,complaint,,,billing issue
EVT-5491,2026-02-06,West,complaint,,,damaged item
EVT-5492,2026-02-07,East,complaint,,,wrong item
EVT-5493,2026-02-07,North-West,complaint,,,late delivery
EVT-5494,2026-02-07,North-West,complaint,,,billing issue
EVT-5495,2026-02-07,South,complaint,,,late delivery
EVT-5496,2026-02-07,West,complaint,,,late delivery
EVT-5497,2026-02-08,South,complaint,,,billing issue
EVT-5498,2026-02-08,West,complaint,,,damaged item
EVT-5499,2026-02-09,North-West,complaint,,,wrong item
EVT-5500,2026-02-10,East,complaint,,,billing issue
EVT-5501,2026-02-10,North,complaint,,,damaged item
EVT-5502,2026-02-10,North-West,complaint,,,wrong item
EVT-5503,2026-02-11,North,complaint,,,late delivery
EVT-5504,2026-02-11,West,complaint,,,damaged item
EVT-5505,2026-02-12,North-West,complaint,,,late delivery
EVT-5506,2026-02-12,North-West,complaint,,,damaged item
EVT-5507,2026-02-12,North-West,complaint,,,damaged item
EVT-5508,2026-02-12,South,complaint,,,damaged item
EVT-5509,2026-02-12,South,complaint,,,billing issue
EVT-5510,2026-02-13,North-West,complaint,,,late delivery
EVT-5511,2026-02-13,North-West,complaint,,,late delivery
EVT-5512,2026-02-14,North,complaint,,,billing issue
EVT-5513,2026-02-14,South,complaint,,,late delivery
EVT-5514,2026-02-15,East,complaint,,,wrong item
EVT-5515,2026-02-15,North,complaint,,,late delivery
EVT-5516,2026-02-15,South,complaint,,,billing issue
EVT-5517,2026-02-15,South,complaint,,,billing issue
EVT-5518,2026-02-16,North,complaint,,,late delivery
EVT-5519,2026-02-16,North,complaint,,,billing issue
EVT-5520,2026-02-16,South,complaint,,,late delivery
EVT-5521,2026-02-16,South,complaint,,,damaged item
EVT-5522,2026-02-16,West,complaint,,,damaged item
EVT-5523,2026-02-17,East,complaint,,,billing issue
EVT-5524,2026-02-17,South,complaint,,,wrong item
EVT-5525,2026-02-17,South,complaint,,,damaged item
EVT-5526,2026-02-18,North-West,complaint,,,damaged item
EVT-5527,2026-02-19,West,complaint,,,billing issue
EVT-5528,2026-02-20,North,complaint,,,late delivery
EVT-5529,2026-02-20,North,complaint,,,late delivery
EVT-5530,2026-02-20,North-West,complaint,,,damaged item
EVT-5531,2026-02-20,North-West,complaint,,,late delivery
EVT-5532,2026-02-20,North-West,complaint,,,late delivery
EVT-5533,2026-02-20,South,complaint,,,late delivery
EVT-5534,2026-02-20,West,complaint,,,late delivery
EVT-5535,2026-02-21,East,complaint,,,damaged item
EVT-5536,2026-02-21,East,complaint,,,late delivery
EVT-5537,2026-02-22,North,complaint,,,damaged item
EVT-5538,2026-02-22,North-West,complaint,,,wrong item
EVT-5539,2026-02-22,North-West,complaint,,,wrong item
EVT-5540,2026-02-22,North-West,complaint,,,billing issue
EVT-5541,2026-02-22,South,complaint,,,late delivery
EVT-5542,2026-02-22,West,complaint,,,wrong item
EVT-5543,2026-02-23,North,complaint,,,billing issue
EVT-5544,2026-02-23,West,complaint,,,late delivery
EVT-5545,2026-02-24,North-West,complaint,,,late delivery
EVT-5546,2026-02-24,North-West,complaint,,,wrong item
EVT-5547,2026-02-24,South,complaint,,,late delivery
EVT-5548,2026-02-25,East,complaint,,,billing issue
EVT-5549,2026-02-25,North-West,complaint,,,wrong item
EVT-5550,2026-02-26,North-West,complaint,,,late delivery
EVT-5551,2026-02-26,South,complaint,,,damaged item
EVT-5552,2026-02-26,West,complaint,,,billing issue
EVT-5553,2026-02-27,North-West,complaint,,,late delivery
EVT-5554,2026-02-27,North-West,complaint,,,late delivery
EVT-5555,2026-02-27,South,complaint,,,late delivery
EVT-5556,2026-02-27,South,complaint,,,late delivery
EVT-5557,2026-02-27,South,complaint,,,late delivery
EVT-5558,2026-02-28,North,complaint,,,damaged item
EVT-5559,2026-02-28,North-West,complaint,,,damaged item
EVT-5560,2026-03-01,East,complaint,,,damaged item
EVT-5561,2026-03-01,North,complaint,,,wrong item
EVT-5562,2026-03-02,East,complaint,,,late delivery
EVT-5563,2026-03-02,North-West,complaint,,,late delivery
EVT-5564,2026-03-03,North,complaint,,,late delivery
EVT-5565,2026-03-03,South,complaint,,,billing issue
EVT-5566,2026-03-03,West,complaint,,,wrong item
EVT-5567,2026-03-03,West,complaint,,,billing issue
EVT-5568,2026-03-04,East,complaint,,,billing issue
EVT-5569,2026-03-04,West,complaint,,,late delivery
EVT-5570,2026-03-04,West,complaint,,,damaged item
EVT-5571,2026-03-05,North,complaint,,,wrong item
EVT-5572,2026-03-05,North-West,complaint,,,late delivery
EVT-5573,2026-03-05,North-West,complaint,,,wrong item
EVT-5574,2026-03-05,South,complaint,,,late delivery
EVT-5575,2026-03-05,West,complaint,,,wrong item
EVT-5576,2026-03-07,North-West,complaint,,,billing issue
EVT-5577,2026-03-08,North-West,complaint,,,billing issue
EVT-5578,2026-03-08,South,complaint,,,wrong item
EVT-5579,2026-03-09,South,complaint,,,damaged item
EVT-5580,2026-03-10,North-West,complaint,,,damaged item
EVT-5581,2026-03-10,West,complaint,,,late delivery
EVT-5582,2026-03-11,East,complaint,,,late delivery
EVT-5583,2026-03-11,North-West,complaint,,,damaged item
EVT-5584,2026-03-12,East,complaint,,,late delivery
EVT-5585,2026-03-12,West,complaint,,,late delivery
EVT-5586,2026-03-13,North-West,complaint,,,billing issue
EVT-5587,2026-03-13,North-West,complaint,,,damaged item
EVT-5588,2026-03-14,East,complaint,,,late delivery
EVT-5589,2026-03-14,North-West,complaint,,,damaged item
EVT-5590,2026-03-14,North-West,complaint,,,wrong item
EVT-5591,2026-03-14,North-West,complaint,,,billing issue
EVT-5592,2026-03-15,North,complaint,,,late delivery
EVT-5593,2026-03-15,South,complaint,,,wrong item
EVT-5594,2026-03-15,South,complaint,,,late delivery
EVT-5595,2026-03-16,East,complaint,,,late delivery
EVT-5596,2026-03-16,North-West,complaint,,,wrong item
EVT-5597,2026-03-17,East,complaint,,,billing issue
EVT-5598,2026-03-17,North,complaint,,,damaged item
EVT-5599,2026-03-18,East,complaint,,,wrong item
EVT-5600,2026-03-18,East,complaint,,,late delivery
EVT-5601,2026-03-18,East,complaint,,,late delivery
EVT-5602,2026-03-18,North-West,complaint,,,billing issue
EVT-5603,2026-03-18,South,complaint,,,wrong item
EVT-5604,2026-03-18,West,complaint,,,damaged item
EVT-5605,2026-03-19,East,complaint,,,wrong item
EVT-5606,2026-03-19,North,complaint,,,billing issue
EVT-5607,2026-03-19,North-West,complaint,,,billing issue
EVT-5608,2026-03-19,South,complaint,,,wrong item
EVT-5609,2026-03-20,East,complaint,,,late delivery
EVT-5610,2026-03-20,East,complaint,,,wrong item
EVT-5611,2026-03-20,North,complaint,,,damaged item
EVT-5612,2026-03-20,North-West,complaint,,,wrong item
EVT-5613,2026-03-21,East,complaint,,,late delivery
EVT-5614,2026-03-21,North-West,complaint,,,wrong item
EVT-5615,2026-03-22,North-West,complaint,,,late delivery
EVT-5616,2026-03-22,North-West,complaint,,,damaged item
EVT-5617,2026-03-22,South,complaint,,,late delivery
EVT-5618,2026-03-22,South,complaint,,,wrong item
EVT-5619,2026-03-23,North,complaint,,,damaged item
EVT-5620,2026-03-23,West,complaint,,,late delivery
EVT-5621,2026-03-24,North-West,complaint,,,damaged item
EVT-5622,2026-03-25,South,complaint,,,damaged item
EVT-5623,2026-03-25,South,complaint,,,damaged item
EVT-5624,2026-03-25,West,complaint,,,wrong item
EVT-5625,2026-03-26,North,complaint,,,damaged item
EVT-5626,2026-03-26,West,complaint,,,damaged item
EVT-5627,2026-03-26,West,complaint,,,billing issue
EVT-5628,2026-03-27,West,complaint,,,damaged item
EVT-5629,2026-03-28,North,complaint,,,damaged item
EVT-5630,2026-03-28,West,complaint,,,wrong item
EVT-5631,2026-03-29,East,complaint,,,damaged item
EVT-5632,2026-03-29,North,complaint,,,damaged item
EVT-5633,2026-03-29,North,complaint,,,wrong item
EVT-5634,2026-03-29,North-West,complaint,,,late delivery
EVT-5635,2026-03-29,South,complaint,,,wrong item
EVT-5636,2026-03-30,North,complaint,,,damaged item
EVT-5637,2026-03-30,West,complaint,,,late delivery
EVT-5638,2026-04-01,North,complaint,,,damaged item
EVT-5639,2026-04-01,North,complaint,,,billing issue
EVT-5640,2026-04-01,North-West,complaint,,,wrong item
EVT-5641,2026-04-01,South,complaint,,,late delivery
EVT-5642,2026-04-01,South,complaint,,,late delivery
EVT-5643,2026-04-01,West,complaint,,,damaged item
EVT-5644,2026-04-01,West,complaint,,,damaged item
EVT-5645,2026-04-02,North,complaint,,,billing issue
EVT-5646,2026-04-02,South,complaint,,,wrong item
EVT-5647,2026-04-03,North,complaint,,,late delivery
EVT-5648,2026-04-03,North-West,complaint,,,late delivery
EVT-5649,2026-04-03,North-West,complaint,,,damaged item
EVT-5650,2026-04-04,North,complaint,,,late delivery
EVT-5651,2026-04-04,North,complaint,,,damaged item
EVT-5652,2026-04-05,North,complaint,,,late delivery
EVT-5653,2026-04-05,North-West,complaint,,,billing issue
EVT-5654,2026-04-06,North,complaint,,,billing issue
EVT-5655,2026-04-06,North,complaint,,,wrong item
EVT-5656,2026-04-06,North,complaint,,,late delivery
EVT-5657,2026-04-06,North,complaint,,,late delivery
EVT-5658,2026-04-06,North-West,complaint,,,late delivery
EVT-5659,2026-04-06,South,complaint,,,billing issue
EVT-5660,2026-04-06,West,complaint,,,late delivery
EVT-5661,2026-04-07,East,complaint,,,billing issue
EVT-5662,2026-04-07,North-West,complaint,,,late delivery
EVT-5663,2026-04-07,South,complaint,,,damaged item
EVT-5664,2026-04-07,West,complaint,,,billing issue
EVT-5665,2026-04-09,North,complaint,,,damaged item
EVT-5666,2026-04-09,North-West,complaint,,,late delivery
EVT-5667,2026-04-09,North-West,complaint,,,billing issue
EVT-5668,2026-04-09,West,complaint,,,late delivery
EVT-5669,2026-04-10,East,complaint,,,damaged item
EVT-5670,2026-04-10,North-West,complaint,,,late delivery
EVT-5671,2026-04-10,North-West,complaint,,,late delivery
EVT-5672,2026-04-10,South,complaint,,,late delivery
EVT-5673,2026-04-10,West,complaint,,,wrong item
EVT-5674,2026-04-11,North,complaint,,,late delivery
EVT-5675,2026-04-11,North-West,complaint,,,late delivery
EVT-5676,2026-04-11,West,complaint,,,billing issue
EVT-5677,2026-04-12,West,complaint,,,late delivery
EVT-5678,2026-04-13,North-West,complaint,,,wrong item
EVT-5679,2026-04-13,South,complaint,,,late delivery
EVT-5680,2026-04-13,South,complaint,,,late delivery
EVT-5681,2026-04-14,North,complaint,,,late delivery
EVT-5682,2026-04-14,North-West,complaint,,,wrong item
EVT-5683,2026-04-15,North,complaint,,,damaged item
EVT-5684,2026-04-15,North,complaint,,,wrong item
EVT-5685,2026-04-15,North-West,complaint,,,billing issue
EVT-5686,2026-04-16,East,complaint,,,damaged item
EVT-5687,2026-04-16,East,complaint,,,late delivery
EVT-5688,2026-04-16,North-West,complaint,,,late delivery
EVT-5689,2026-04-16,North-West,complaint,,,damaged item
EVT-5690,2026-04-17,North-West,complaint,,,damaged item
EVT-5691,2026-04-17,South,complaint,,,wrong item
EVT-5692,2026-04-18,North,complaint,,,damaged item
EVT-5693,2026-04-18,North,complaint,,,wrong item
EVT-5694,2026-04-18,North-West,complaint,,,wrong item
EVT-5695,2026-04-18,West,complaint,,,billing issue
EVT-5696,2026-04-19,East,complaint,,,billing issue
EVT-5697,2026-04-19,East,complaint,,,late delivery
EVT-5698,2026-04-19,North-West,complaint,,,wrong item
EVT-5699,2026-04-19,South,complaint,,,wrong item
EVT-5700,2026-04-19,West,complaint,,,late delivery
EVT-5701,2026-04-19,West,complaint,,,damaged item
EVT-5702,2026-04-21,East,complaint,,,late delivery
EVT-5703,2026-04-21,East,complaint,,,damaged item
EVT-5704,2026-04-21,North,complaint,,,billing issue
EVT-5705,2026-04-21,North-West,complaint,,,billing issue
EVT-5706,2026-04-21,West,complaint,,,billing issue
EVT-5707,2026-04-22,South,complaint,,,billing issue
EVT-5708,2026-04-23,North,complaint,,,late delivery
EVT-5709,2026-04-23,North-West,complaint,,,late delivery
EVT-5710,2026-04-23,West,complaint,,,wrong item
EVT-5711,2026-04-23,West,complaint,,,damaged item
EVT-5712,2026-04-25,North,complaint,,,damaged item
EVT-5713,2026-04-25,South,complaint,,,wrong item
EVT-5714,2026-04-26,North,complaint,,,late delivery
EVT-5715,2026-04-26,North-West,complaint,,,wrong item
EVT-5716,2026-04-26,South,complaint,,,damaged item
EVT-5717,2026-04-27,North-West,complaint,,,billing issue
EVT-5718,2026-04-27,North-West,complaint,,,damaged item
EVT-5719,2026-04-27,South,complaint,,,damaged item
EVT-5720,2026-04-27,South,complaint,,,wrong item
EVT-5721,2026-04-27,West,complaint,,,billing issue
EVT-5722,2026-04-28,East,complaint,,,damaged item
EVT-5723,2026-04-28,North-West,complaint,,,late delivery
EVT-5724,2026-04-28,South,complaint,,,damaged item
EVT-5725,2026-04-28,South,complaint,,,damaged item
EVT-5726,2026-04-28,West,complaint,,,damaged item
EVT-5727,2026-04-29,North-West,complaint,,,wrong item
EVT-5728,2026-04-30,North,complaint,,,late delivery
EVT-5729,2026-04-30,North,complaint,,,late delivery
EVT-5730,2026-04-30,North-West,complaint,,,damaged item
EVT-5731,2026-04-30,West,complaint,,,wrong item
EVT-5732,2026-05-01,North-West,complaint,,,billing issue
EVT-5733,2026-05-01,North-West,complaint,,,wrong item
EVT-5734,2026-05-01,South,complaint,,,wrong item
EVT-5735,2026-05-01,South,complaint,,,wrong item
EVT-5736,2026-05-02,South,complaint,,,late delivery
EVT-5737,2026-05-02,West,complaint,,,late delivery
EVT-5738,2026-05-02,West,complaint,,,wrong item
EVT-5739,2026-05-03,East,complaint,,,wrong item
EVT-5740,2026-05-03,North-West,complaint,,,wrong item
EVT-5741,2026-05-03,South,complaint,,,billing issue
EVT-5742,2026-05-03,West,complaint,,,damaged item
EVT-5743,2026-05-04,North-West,complaint,,,wrong item
EVT-5744,2026-05-04,West,complaint,,,wrong item
EVT-5745,2026-05-05,North,complaint,,,late delivery
EVT-5746,2026-05-05,South,complaint,,,wrong item
EVT-5747,2026-05-06,North-West,complaint,,,late delivery
EVT-5748,2026-05-06,North-West,complaint,,,late delivery
EVT-5749,2026-05-07,East,complaint,,,billing issue
EVT-5750,2026-05-07,East,complaint,,,damaged item
EVT-5751,2026-05-07,East,complaint,,,wrong item
EVT-5752,2026-05-07,East,complaint,,,late delivery
EVT-5753,2026-05-08,North,complaint,,,wrong item
EVT-5754,2026-05-09,North-West,complaint,,,late delivery
EVT-5755,2026-05-09,South,complaint,,,wrong item
EVT-5756,2026-05-09,South,complaint,,,damaged item
EVT-5757,2026-05-09,West,complaint,,,wrong item
EVT-5758,2026-05-10,North,complaint,,,wrong item
EVT-5759,2026-05-10,North-West,complaint,,,wrong item
EVT-5760,2026-05-11,North,complaint,,,wrong item
EVT-5761,2026-05-11,North,complaint,,,billing issue
EVT-5762,2026-05-11,North-West,complaint,,,wrong item
EVT-5763,2026-05-11,West,complaint,,,wrong item
EVT-5764,2026-05-12,East,complaint,,,damaged item
EVT-5765,2026-05-12,North-West,complaint,,,late delivery
EVT-5766,2026-05-12,West,complaint,,,wrong item
EVT-5767,2026-05-13,West,complaint,,,billing issue
EVT-5768,2026-05-14,North-West,complaint,,,late delivery
EVT-5769,2026-05-14,South,complaint,,,late delivery
EVT-5770,2026-05-14,West,complaint,,,damaged item
EVT-5771,2026-05-15,North-West,complaint,,,wrong item
EVT-5772,2026-05-15,North-West,complaint,,,wrong item
EVT-5773,2026-05-15,West,complaint,,,late delivery
EVT-5774,2026-05-16,South,complaint,,,damaged item
EVT-5775,2026-05-16,South,complaint,,,billing issue
EVT-5776,2026-05-17,West,complaint,,,damaged item
EVT-5777,2026-05-18,North,complaint,,,wrong item
EVT-5778,2026-05-18,North-West,complaint,,,late delivery
EVT-5779,2026-05-18,North-West,complaint,,,late delivery
EVT-5780,2026-05-18,South,complaint,,,late delivery
EVT-5781,2026-05-18,West,complaint,,,damaged item
EVT-5782,2026-05-19,North,complaint,,,billing issue
EVT-5783,2026-05-19,North-West,complaint,,,billing issue
EVT-5784,2026-05-19,South,complaint,,,billing issue
EVT-5785,2026-05-19,West,complaint,,,billing issue
EVT-5786,2026-05-20,North,complaint,,,damaged item
EVT-5787,2026-05-20,North,complaint,,,late delivery
EVT-5788,2026-05-20,West,complaint,,,damaged item
EVT-5789,2026-05-20,West,complaint,,,late delivery
EVT-5790,2026-05-21,South,complaint,,,damaged item
EVT-5791,2026-05-21,West,complaint,,,damaged item
EVT-5792,2026-05-22,East,complaint,,,wrong item
EVT-5793,2026-05-22,South,complaint,,,damaged item
EVT-5794,2026-05-22,South,complaint,,,damaged item
EVT-5795,2026-05-23,East,complaint,,,damaged item
EVT-5796,2026-05-23,West,complaint,,,wrong item
EVT-5797,2026-05-24,North-West,complaint,,,billing issue
EVT-5798,2026-05-25,North,complaint,,,billing issue
EVT-5799,2026-05-25,North-West,complaint,,,wrong item
EVT-5800,2026-05-25,South,complaint,,,damaged item
EVT-5801,2026-05-25,South,complaint,,,damaged item
EVT-5802,2026-05-25,West,complaint,,,damaged item
EVT-5803,2026-05-26,North,complaint,,,wrong item
EVT-5804,2026-05-26,North,complaint,,,late delivery
EVT-5805,2026-05-26,North-West,complaint,,,late delivery
EVT-5806,2026-05-27,East,complaint,,,damaged item
EVT-5807,2026-05-27,South,complaint,,,damaged item
EVT-5808,2026-05-27,West,complaint,,,wrong item
EVT-5809,2026-05-27,West,complaint,,,billing issue
EVT-5810,2026-05-28,North-West,complaint,,,wrong item
EVT-5811,2026-05-29,East,complaint,,,damaged item
EVT-5812,2026-05-29,North,complaint,,,late delivery
EVT-5813,2026-05-30,North-West,complaint,,,damaged item
EVT-5814,2026-05-30,South,complaint,,,late delivery
EVT-5815,2026-05-31,North-West,complaint,,,wrong item
EVT-5816,2026-05-31,South,complaint,,,damaged item
EVT-5817,2026-05-31,West,complaint,,,billing issue
EVT-5818,2026-06-01,North,complaint,,,late delivery
EVT-5819,2026-06-01,North-West,complaint,,,billing issue
EVT-5820,2026-06-01,North-West,complaint,,,wrong item
EVT-5821,2026-06-01,West,complaint,,,billing issue
EVT-5822,2026-06-02,East,complaint,,,late delivery
EVT-5823,2026-06-02,North-West,complaint,,,damaged item
EVT-5824,2026-06-03,South,complaint,,,damaged item
EVT-5825,2026-06-04,North,complaint,,,late delivery
EVT-5826,2026-06-04,North,complaint,,,damaged item
EVT-5827,2026-06-04,North-West,complaint,,,billing issue
EVT-5828,2026-06-04,West,complaint,,,wrong item
EVT-5829,2026-06-05,North-West,complaint,,,damaged item
EVT-5830,2026-06-06,North,complaint,,,wrong item
EVT-5831,2026-06-06,West,complaint,,,damaged item
EVT-5832,2026-06-07,East,complaint,,,wrong item
EVT-5833,2026-06-07,South,complaint,,,wrong item
EVT-5834,2026-06-08,West,complaint,,,wrong item
EVT-5835,2026-06-09,North,complaint,,,late delivery
EVT-5836,2026-06-09,North-West,complaint,,,late delivery
EVT-5837,2026-06-09,West,complaint,,,damaged item
EVT-5838,2026-06-10,North-West,complaint,,,billing issue
EVT-5839,2026-06-10,South,complaint,,,late delivery
EVT-5840,2026-06-11,South,complaint,,,billing issue
EVT-5841,2026-06-11,West,complaint,,,wrong item
EVT-5842,2026-06-12,North,complaint,,,damaged item
EVT-5843,2026-06-12,North-West,complaint,,,late delivery
EVT-5844,2026-06-12,North-West,complaint,,,damaged item
EVT-5845,2026-06-12,South,complaint,,,late delivery
EVT-5846,2026-06-13,East,complaint,,,damaged item
EVT-5847,2026-06-13,North-West,complaint,,,wrong item
EVT-5848,2026-06-14,North-West,complaint,,,late delivery
EVT-5849,2026-06-14,South,complaint,,,billing issue
EVT-5850,2026-06-14,West,complaint,,,late delivery
EVT-5851,2026-06-14,West,complaint,,,late delivery
EVT-5852,2026-06-15,South,complaint,,,billing issue
EVT-5853,2026-06-15,West,complaint,,,late delivery
EVT-5854,2026-06-16,South,complaint,,,damaged item
EVT-5855,2026-06-16,South,complaint,,,damaged item
EVT-5856,2026-06-17,North,complaint,,,billing issue
EVT-5857,2026-06-17,South,complaint,,,late delivery
EVT-5858,2026-06-18,North-West,complaint,,,billing issue
EVT-5859,2026-06-19,North-West,complaint,,,damaged item
EVT-5860,2026-06-19,North-West,complaint,,,late delivery
EVT-5861,2026-06-19,West,complaint,,,late delivery
EVT-5862,2026-06-20,North,complaint,,,wrong item
EVT-5863,2026-06-20,South,complaint,,,wrong item
EVT-5864,2026-06-20,South,complaint,,,billing issue
EVT-5865,2026-06-21,North-West,complaint,,,damaged item
EVT-5866,2026-06-21,South,complaint,,,wrong item
EVT-5867,2026-06-21,West,complaint,,,billing issue
EVT-5868,2026-06-22,East,complaint,,,late delivery
EVT-5869,2026-06-22,North-West,complaint,,,wrong item
EVT-5870,2026-06-22,West,complaint,,,late delivery
EVT-5871,2026-06-23,East,complaint,,,damaged item
EVT-5872,2026-06-23,East,complaint,,,wrong item
EVT-5873,2026-06-23,East,complaint,,,late delivery
EVT-5874,2026-06-24,North-West,complaint,,,late delivery
EVT-5875,2026-06-24,West,complaint,,,late delivery
EVT-5876,2026-06-25,West,complaint,,,wrong item
EVT-5877,2026-06-26,North-West,complaint,,,damaged item
EVT-5878,2026-06-27,North,complaint,,,billing issue
EVT-5879,2026-06-28,North,complaint,,,late delivery
EVT-5880,2026-06-28,North,complaint,,,wrong item
EVT-5881,2026-06-28,North-West,complaint,,,late delivery
EVT-5882,2026-06-29,North-West,complaint,,,billing issue
EVT-5883,2026-06-29,South,complaint,,,wrong item
EVT-5884,2026-06-30,East,complaint,,,late delivery
EVT-5885,2026-06-30,North-West,complaint,,,damaged item
EVT-5886,2026-06-30,North-West,complaint,,,late delivery
EVT-5887,2026-06-30,South,complaint,,,damaged item
EVT-5888,2026-07-01,North-West,complaint,,,late delivery
EVT-5889,2026-07-01,North-West,complaint,,,late delivery
EVT-5890,2026-07-01,North-West,complaint,,,late delivery
EVT-5891,2026-07-01,South,complaint,,,billing issue
EVT-5892,2026-07-02,North,complaint,,,damaged item
EVT-5893,2026-07-02,North-West,complaint,,,late delivery
EVT-5894,2026-07-03,East,complaint,,,damaged item
EVT-5895,2026-07-03,East,complaint,,,late delivery
EVT-5896,2026-07-03,North-West,complaint,,,wrong item
EVT-5897,2026-07-04,North-West,complaint,,,damaged item
EVT-5898,2026-07-04,North-West,complaint,,,late delivery
EVT-5899,2026-07-04,South,complaint,,,wrong item
EVT-5900,2026-07-05,North-West,complaint,,,late delivery
EVT-5901,2026-07-05,North-West,complaint,,,late delivery
EVT-5902,2026-07-05,West,complaint,,,wrong item
EVT-5903,2026-07-06,North,complaint,,,late delivery
EVT-5904,2026-07-06,North-West,complaint,,,wrong item
EVT-5905,2026-07-06,North-West,complaint,,,billing issue
EVT-5906,2026-07-06,North-West,complaint,,,late delivery
EVT-5907,2026-07-08,North-West,complaint,,,late delivery
EVT-5908,2026-07-08,North-West,complaint,,,damaged item
EVT-5909,2026-07-09,North,complaint,,,late delivery
EVT-5910,2026-07-09,North-West,complaint,,,late delivery
EVT-5911,2026-07-09,North-West,complaint,,,late delivery
EVT-5912,2026-07-09,North-West,complaint,,,late delivery
EVT-5913,2026-07-09,South,complaint,,,wrong item
EVT-5914,2026-07-09,South,complaint,,,wrong item
EVT-5915,2026-07-10,North,complaint,,,late delivery
EVT-5916,2026-07-10,North,complaint,,,billing issue
EVT-5917,2026-07-10,North-West,complaint,,,late delivery
EVT-5918,2026-07-10,North-West,complaint,,,late delivery
EVT-5919,2026-07-11,North,complaint,,,wrong item
EVT-5920,2026-07-11,North-West,complaint,,,late delivery
EVT-5921,2026-07-11,North-West,complaint,,,late delivery
EVT-5922,2026-07-11,North-West,complaint,,,billing issue
EVT-5923,2026-07-11,South,complaint,,,late delivery
EVT-5924,2026-07-11,West,complaint,,,billing issue
EVT-5925,2026-07-12,North-West,complaint,,,late delivery
EVT-5926,2026-07-12,North-West,complaint,,,late delivery
EVT-5927,2026-07-12,North-West,complaint,,,late delivery
EVT-5928,2026-07-13,North-West,complaint,,,late delivery
EVT-5929,2026-07-14,North,complaint,,,wrong item
EVT-5930,2026-07-14,North-West,complaint,,,late delivery
EVT-5931,2026-07-14,West,complaint,,,damaged item
EVT-5932,2026-07-15,East,complaint,,,damaged item
EVT-5933,2026-07-15,North-West,complaint,,,late delivery
EVT-5934,2026-07-15,North-West,complaint,,,damaged item
EVT-5935,2026-07-16,North-West,complaint,,,late delivery
EVT-5936,2026-07-16,South,complaint,,,wrong item
EVT-5937,2026-07-17,North-West,complaint,,,late delivery
EVT-5938,2026-07-17,North-West,complaint,,,damaged item
EVT-5939,2026-07-17,North-West,complaint,,,late delivery
EVT-5940,2026-07-17,North-West,complaint,,,late delivery
EVT-5941,2026-07-18,East,complaint,,,damaged item
EVT-5942,2026-07-18,North-West,complaint,,,billing issue
EVT-5943,2026-07-18,South,complaint,,,wrong item
EVT-5944,2026-07-19,North-West,complaint,,,damaged item
EVT-5945,2026-07-19,South,complaint,,,late delivery
EVT-5946,2026-07-20,East,complaint,,,wrong item
EVT-5947,2026-07-20,North-West,complaint,,,late delivery
EVT-5948,2026-07-20,North-West,complaint,,,damaged item
EVT-5949,2026-07-20,South,complaint,,,wrong item
EVT-5950,2026-07-21,East,complaint,,,wrong item
EVT-5951,2026-07-21,North,complaint,,,damaged item
EVT-5952,2026-07-21,North-West,complaint,,,damaged item
EVT-5953,2026-07-21,North-West,complaint,,,damaged item
EVT-5954,2026-07-22,East,complaint,,,late delivery
EVT-5955,2026-07-22,North,complaint,,,damaged item
EVT-5956,2026-07-22,North-West,complaint,,,damaged item
EVT-5957,2026-07-23,North-West,complaint,,,late delivery
EVT-5958,2026-07-23,North-West,complaint,,,late delivery
EVT-5959,2026-07-23,North-West,complaint,,,damaged item
EVT-5960,2026-07-23,North-West,complaint,,,late delivery
EVT-5961,2026-07-23,North-West,complaint,,,late delivery
EVT-5962,2026-07-23,West,complaint,,,late delivery
EVT-5963,2026-07-24,North-West,complaint,,,late delivery
EVT-5964,2026-07-24,North-West,complaint,,,late delivery
EVT-5965,2026-07-24,North-West,complaint,,,late delivery
EVT-5966,2026-07-25,North-West,complaint,,,late delivery
EVT-5967,2026-07-25,South,complaint,,,wrong item
EVT-5968,2026-07-25,West,complaint,,,late delivery
EVT-5969,2026-07-26,North,complaint,,,damaged item
EVT-5970,2026-07-26,North,complaint,,,damaged item
EVT-5971,2026-07-26,North-West,complaint,,,billing issue
EVT-5972,2026-07-27,North-West,complaint,,,damaged item
EVT-5973,2026-07-27,North-West,complaint,,,late delivery
EVT-5974,2026-07-27,South,complaint,,,late delivery
EVT-5975,2026-07-28,North,complaint,,,billing issue
EVT-5976,2026-07-28,North,complaint,,,billing issue
EVT-5977,2026-07-28,North-West,complaint,,,late delivery
EVT-5978,2026-07-28,North-West,complaint,,,late delivery
EVT-5979,2026-07-28,South,complaint,,,damaged item
EVT-5980,2026-07-28,West,complaint,,,late delivery
EVT-5981,2026-07-29,North,complaint,,,late delivery
EVT-5982,2026-07-29,North,complaint,,,damaged item
EVT-5983,2026-07-29,North-West,complaint,,,wrong item
EVT-5984,2026-07-29,North-West,complaint,,,late delivery
EVT-5985,2026-07-29,North-West,complaint,,,late delivery
EVT-5986,2026-07-29,North-West,complaint,,,damaged item
EVT-5987,2026-07-29,West,complaint,,,late delivery
EVT-5988,2026-07-30,East,complaint,,,billing issue
EVT-5989,2026-07-30,North,complaint,,,late delivery
EVT-5990,2026-07-30,North-West,complaint,,,late delivery
EVT-5991,2026-07-31,North,complaint,,,billing issue
EVT-5992,2026-07-31,South,complaint,,,billing issue
EVT-5993,2026-07-31,West,complaint,,,wrong item
EVT-5994,2026-08-01,North-West,complaint,,,late delivery
EVT-5995,2026-08-01,North-West,complaint,,,damaged item
EVT-5996,2026-08-01,North-West,complaint,,,billing issue
EVT-5997,2026-08-01,South,complaint,,,late delivery
EVT-5998,2026-08-01,West,complaint,,,wrong item
EVT-5999,2026-08-02,North-West,complaint,,,late delivery
EVT-6000,2026-08-03,North,complaint,,,damaged item
EVT-6001,2026-08-03,North-West,complaint,,,late delivery
EVT-6002,2026-08-03,North-West,complaint,,,wrong item
EVT-6003,2026-08-03,West,complaint,,,billing issue
EVT-6004,2026-08-04,North-West,complaint,,,damaged item
EVT-6005,2026-08-04,North-West,complaint,,,late delivery
EVT-6006,2026-08-05,North-West,complaint,,,late delivery
EVT-6007,2026-08-05,North-West,complaint,,,late delivery
EVT-6008,2026-08-05,North-West,complaint,,,late delivery
EVT-6009,2026-08-05,South,complaint,,,damaged item
EVT-6010,2026-08-06,South,complaint,,,damaged item
EVT-6011,2026-08-06,West,complaint,,,damaged item
EVT-6012,2026-08-07,North,complaint,,,damaged item
EVT-6013,2026-08-07,West,complaint,,,damaged item
EVT-6014,2026-08-08,West,complaint,,,damaged item
EVT-6015,2026-08-09,East,complaint,,,damaged item
EVT-6016,2026-08-09,North-West,complaint,,,wrong item
EVT-6017,2026-08-09,North-West,complaint,,,billing issue
EVT-6018,2026-08-09,South,complaint,,,late delivery
EVT-6019,2026-08-09,West,complaint,,,billing issue
EVT-6020,2026-08-09,West,complaint,,,wrong item
EVT-6021,2026-08-09,West,complaint,,,late delivery
EVT-6022,2026-08-09,West,complaint,,,billing issue
EVT-6023,2026-08-10,North,complaint,,,damaged item
EVT-6024,2026-08-10,North-West,complaint,,,late delivery
EVT-6025,2026-08-10,North-West,complaint,,,damaged item
EVT-6026,2026-08-11,East,complaint,,,late delivery
EVT-6027,2026-08-11,North-West,complaint,,,late delivery
EVT-6028,2026-08-11,North-West,complaint,,,damaged item
EVT-6029,2026-08-11,North-West,complaint,,,late delivery
EVT-6030,2026-08-12,North-West,complaint,,,late delivery
EVT-6031,2026-08-12,South,complaint,,,damaged item
EVT-6032,2026-08-12,South,complaint,,,billing issue
EVT-6033,2026-08-12,South,complaint,,,wrong item
EVT-6034,2026-08-13,North-West,complaint,,,wrong item
EVT-6035,2026-08-13,South,complaint,,,late delivery
EVT-6036,2026-08-13,West,complaint,,,wrong item
EVT-6037,2026-08-13,West,complaint,,,late delivery
EVT-6038,2026-08-14,North,complaint,,,damaged item
EVT-6039,2026-08-14,North,complaint,,,late delivery
EVT-6040,2026-08-14,North-West,complaint,,,late delivery
EVT-6041,2026-08-14,North-West,complaint,,,billing issue
EVT-6042,2026-08-14,North-West,complaint,,,late delivery
EVT-6043,2026-08-14,South,complaint,,,billing issue
EVT-6044,2026-08-15,North,complaint,,,wrong item
EVT-6045,2026-08-16,East,complaint,,,late delivery
EVT-6046,2026-08-16,North,complaint,,,wrong item
EVT-6047,2026-08-16,North-West,complaint,,,damaged item
EVT-6048,2026-08-16,North-West,complaint,,,late delivery
EVT-6049,2026-08-16,North-West,complaint,,,billing issue
EVT-6050,2026-08-16,North-West,complaint,,,wrong item
EVT-6051,2026-08-16,South,complaint,,,billing issue
EVT-6052,2026-08-17,East,complaint,,,damaged item
EVT-6053,2026-08-17,North,complaint,,,late delivery
EVT-6054,2026-08-17,North-West,complaint,,,wrong item
EVT-6055,2026-08-18,North-West,complaint,,,billing issue
EVT-6056,2026-08-18,North-West,complaint,,,late delivery
EVT-6057,2026-08-18,North-West,complaint,,,damaged item
EVT-6058,2026-08-18,South,complaint,,,damaged item
EVT-6059,2026-08-19,East,complaint,,,damaged item
EVT-6060,2026-08-19,North,complaint,,,damaged item
EVT-6061,2026-08-19,North-West,complaint,,,wrong item
EVT-6062,2026-08-19,South,complaint,,,damaged item
EVT-6063,2026-08-19,West,complaint,,,wrong item
EVT-6064,2026-08-20,East,complaint,,,billing issue
EVT-6065,2026-08-20,North-West,complaint,,,late delivery
EVT-6066,2026-08-20,North-West,complaint,,,late delivery
EVT-6067,2026-08-20,North-West,complaint,,,wrong item
EVT-6068,2026-08-20,North-West,complaint,,,late delivery
EVT-6069,2026-08-20,North-West,complaint,,,late delivery
EVT-6070,2026-08-20,South,complaint,,,billing issue
EVT-6071,2026-08-20,West,complaint,,,late delivery
EVT-6072,2026-08-21,North,complaint,,,wrong item
EVT-6073,2026-08-21,North-West,complaint,,,late delivery
EVT-6074,2026-08-21,North-West,complaint,,,late delivery
EVT-6075,2026-08-21,North-West,complaint,,,late delivery
EVT-6076,2026-08-21,North-West,complaint,,,late delivery
EVT-6077,2026-08-21,South,complaint,,,wrong item
EVT-6078,2026-08-21,West,complaint,,,billing issue
EVT-6079,2026-08-22,South,complaint,,,damaged item
EVT-6080,2026-08-22,South,complaint,,,billing issue
EVT-6081,2026-08-22,South,complaint,,,late delivery
EVT-6082,2026-08-23,East,complaint,,,billing issue
EVT-6083,2026-08-23,North,complaint,,,damaged item
EVT-6084,2026-08-23,North-West,complaint,,,late delivery
EVT-6085,2026-08-23,North-West,complaint,,,late delivery
EVT-6086,2026-08-25,North-West,complaint,,,late delivery
EVT-6087,2026-08-25,North-West,complaint,,,wrong item
EVT-6088,2026-08-25,South,complaint,,,wrong item
EVT-6089,2026-08-25,West,complaint,,,damaged item
EVT-6090,2026-07-08,North-West,churn,Meridian Retail Group,,Account closed. Cited repeated SLA misses and competitor express-delivery offer.
EVT-6091,2026-07-19,North-West,churn,Kalinga Mart,,Account closed. Cited repeated SLA misses and competitor express-delivery offer.
EVT-6092,2025-08-31,North,nps,,43.8,monthly NPS survey
EVT-6093,2025-08-31,North-West,nps,,41.1,monthly NPS survey
EVT-6094,2025-08-31,South,nps,,45.6,monthly NPS survey
EVT-6095,2025-08-31,East,nps,,40.8,monthly NPS survey
EVT-6096,2025-08-31,West,nps,,42.6,monthly NPS survey
EVT-6097,2025-09-30,North,nps,,42.9,monthly NPS survey
EVT-6098,2025-09-30,North-West,nps,,47.1,monthly NPS survey
EVT-6099,2025-09-30,South,nps,,39.8,monthly NPS survey
EVT-6100,2025-09-30,East,nps,,44.4,monthly NPS survey
EVT-6101,2025-09-30,West,nps,,44.2,monthly NPS survey
EVT-6102,2025-10-31,North,nps,,46.4,monthly NPS survey
EVT-6103,2025-10-31,North-West,nps,,45.5,monthly NPS survey
EVT-6104,2025-10-31,South,nps,,39.4,monthly NPS survey
EVT-6105,2025-10-31,East,nps,,45.6,monthly NPS survey
EVT-6106,2025-10-31,West,nps,,39.4,monthly NPS survey
EVT-6107,2025-11-30,North,nps,,38.4,monthly NPS survey
EVT-6108,2025-11-30,North-West,nps,,42.0,monthly NPS survey
EVT-6109,2025-11-30,South,nps,,36.8,monthly NPS survey
EVT-6110,2025-11-30,East,nps,,41.9,monthly NPS survey
EVT-6111,2025-11-30,West,nps,,39.1,monthly NPS survey
EVT-6112,2025-12-31,North,nps,,42.8,monthly NPS survey
EVT-6113,2025-12-31,North-West,nps,,40.6,monthly NPS survey
EVT-6114,2025-12-31,South,nps,,37.6,monthly NPS survey
EVT-6115,2025-12-31,East,nps,,42.6,monthly NPS survey
EVT-6116,2025-12-31,West,nps,,42.5,monthly NPS survey
EVT-6117,2026-01-31,North,nps,,39.8,monthly NPS survey
EVT-6118,2026-01-31,North-West,nps,,41.1,monthly NPS survey
EVT-6119,2026-01-31,South,nps,,39.9,monthly NPS survey
EVT-6120,2026-01-31,East,nps,,39.8,monthly NPS survey
EVT-6121,2026-01-31,West,nps,,46.1,monthly NPS survey
EVT-6122,2026-02-28,North,nps,,42.6,monthly NPS survey
EVT-6123,2026-02-28,North-West,nps,,47.6,monthly NPS survey
EVT-6124,2026-02-28,South,nps,,41.3,monthly NPS survey
EVT-6125,2026-02-28,East,nps,,42.9,monthly NPS survey
EVT-6126,2026-02-28,West,nps,,41.1,monthly NPS survey
EVT-6127,2026-03-31,North,nps,,40.6,monthly NPS survey
EVT-6128,2026-03-31,North-West,nps,,45.0,monthly NPS survey
EVT-6129,2026-03-31,South,nps,,44.2,monthly NPS survey
EVT-6130,2026-03-31,East,nps,,40.8,monthly NPS survey
EVT-6131,2026-03-31,West,nps,,43.3,monthly NPS survey
EVT-6132,2026-04-30,North,nps,,38.1,monthly NPS survey
EVT-6133,2026-04-30,North-West,nps,,40.8,monthly NPS survey
EVT-6134,2026-04-30,South,nps,,43.4,monthly NPS survey
EVT-6135,2026-04-30,East,nps,,45.0,monthly NPS survey
EVT-6136,2026-04-30,West,nps,,45.9,monthly NPS survey
EVT-6137,2026-05-31,North,nps,,39.3,monthly NPS survey
EVT-6138,2026-05-31,North-West,nps,,42.4,monthly NPS survey
EVT-6139,2026-05-31,South,nps,,43.5,monthly NPS survey
EVT-6140,2026-05-31,East,nps,,41.0,monthly NPS survey
EVT-6141,2026-05-31,West,nps,,41.4,monthly NPS survey
EVT-6142,2026-06-30,North,nps,,38.7,monthly NPS survey
EVT-6143,2026-06-30,North-West,nps,,40.2,monthly NPS survey
EVT-6144,2026-06-30,South,nps,,40.2,monthly NPS survey
EVT-6145,2026-06-30,East,nps,,41.6,monthly NPS survey
EVT-6146,2026-06-30,West,nps,,40.1,monthly NPS survey
EVT-6147,2026-07-31,North,nps,,42.6,monthly NPS survey
EVT-6148,2026-07-31,North-West,nps,,32.4,monthly NPS survey
EVT-6149,2026-07-31,South,nps,,39.6,monthly NPS survey
EVT-6150,2026-07-31,East,nps,,45.6,monthly NPS survey
EVT-6151,2026-07-31,West,nps,,39.6,monthly NPS survey
EVT-6152,2026-08-31,North,nps,,38.9,monthly NPS survey
EVT-6153,2026-08-31,North-West,nps,,32.2,monthly NPS survey
EVT-6154,2026-08-31,South,nps,,42.5,monthly NPS survey
EVT-6155,2026-08-31,East,nps,,40.7,monthly NPS survey
EVT-6156,2026-08-31,West,nps,,46.4,monthly NPS survey
