ship_date,region,shipments,avg_delivery_days,sla_breaches
2025-08-01,East,32,2.68,3
2025-08-01,North,44,2.76,4
2025-08-01,North-West,74,2.55,3
2025-08-01,South,40,2.46,3
2025-08-01,West,43,2.62,3
2025-08-02,East,17,2.59,2
2025-08-02,North,39,2.81,2
2025-08-02,North-West,74,2.45,3
2025-08-02,South,50,2.61,1
2025-08-02,West,43,2.69,4
2025-08-03,East,27,2.21,3
2025-08-03,North,36,2.5,1
2025-08-03,North-West,74,2.63,5
2025-08-03,South,42,2.75,5
2025-08-03,West,43,2.71,4
2025-08-04,East,30,2.41,2
2025-08-04,North,37,2.81,3
2025-08-04,North-West,61,2.7,7
2025-08-04,South,59,2.76,7
2025-08-04,West,37,2.71,2
2025-08-05,East,33,2.67,3
2025-08-05,North,34,2.72,5
2025-08-05,North-West,62,2.59,6
2025-08-05,South,37,2.65,2
2025-08-05,West,46,2.64,5
2025-08-06,East,30,2.41,2
2025-08-06,North,33,2.41,3
2025-08-06,North-West,65,2.45,4
2025-08-06,South,47,2.46,4
2025-08-06,West,41,2.75,4
2025-08-07,East,20,2.66,1
2025-08-07,North,47,2.43,2
2025-08-07,North-West,64,2.69,7
2025-08-07,South,50,2.67,4
2025-08-07,West,51,2.72,1
2025-08-08,East,22,2.55,3
2025-08-08,North,38,2.46,2
2025-08-08,North-West,52,2.7,5
2025-08-08,South,43,2.61,5
2025-08-08,West,27,2.46,4
2025-08-09,East,27,2.88,2
2025-08-09,North,26,2.53,1
2025-08-09,North-West,68,2.65,4
2025-08-09,South,48,2.68,3
2025-08-09,West,38,2.55,4
2025-08-10,East,32,2.86,1
2025-08-10,North,34,2.57,2
2025-08-10,North-West,62,2.63,4
2025-08-10,South,42,2.54,4
2025-08-10,West,46,2.65,2
2025-08-11,East,22,2.64,2
2025-08-11,North,32,2.66,4
2025-08-11,North-West,65,2.55,9
2025-08-11,South,50,2.57,1
2025-08-11,West,54,2.42,6
2025-08-12,East,38,2.45,4
2025-08-12,North,42,2.36,5
2025-08-12,North-West,79,2.73,3
2025-08-12,South,51,2.78,3
2025-08-12,West,41,2.5,3
2025-08-13,East,22,2.44,0
2025-08-13,North,39,2.52,4
2025-08-13,North-West,61,2.98,3
2025-08-13,South,52,2.87,6
2025-08-13,West,42,2.51,2
2025-08-14,East,25,2.75,1
2025-08-14,North,44,2.52,4
2025-08-14,North-West,65,2.53,3
2025-08-14,South,34,2.87,5
2025-08-14,West,33,2.55,2
2025-08-15,East,39,2.43,1
2025-08-15,North,35,2.61,2
2025-08-15,North-West,73,2.43,5
2025-08-15,South,44,2.47,3
2025-08-15,West,52,2.62,2
2025-08-16,East,19,2.41,1
2025-08-16,North,33,2.54,5
2025-08-16,North-West,82,2.87,6
2025-08-16,South,61,2.34,10
2025-08-16,West,31,2.73,1
2025-08-17,East,28,2.7,1
2025-08-17,North,24,2.72,2
2025-08-17,North-West,68,2.56,2
2025-08-17,South,52,2.54,2
2025-08-17,West,38,2.66,2
2025-08-18,East,17,2.57,2
2025-08-18,North,41,2.5,2
2025-08-18,North-West,74,2.51,5
2025-08-18,South,37,2.5,1
2025-08-18,West,43,2.66,5
2025-08-19,East,31,2.79,5
2025-08-19,North,44,2.53,6
2025-08-19,North-West,58,2.71,8
2025-08-19,South,68,2.45,2
2025-08-19,West,43,2.71,3
2025-08-20,East,24,2.33,0
2025-08-20,North,37,2.45,6
2025-08-20,North-West,58,2.5,6
2025-08-20,South,46,2.59,3
2025-08-20,West,40,2.59,2
2025-08-21,East,26,2.68,0
2025-08-21,North,40,2.91,2
2025-08-21,North-West,73,2.77,3
2025-08-21,South,48,2.78,2
2025-08-21,West,40,2.58,4
2025-08-22,East,21,2.7,3
2025-08-22,North,37,2.57,4
2025-08-22,North-West,61,2.4,3
2025-08-22,South,33,2.54,4
2025-08-22,West,45,2.21,3
2025-08-23,East,26,2.54,3
2025-08-23,North,42,2.51,2
2025-08-23,North-West,59,2.43,5
2025-08-23,South,46,2.52,4
2025-08-23,West,40,2.52,4
2025-08-24,East,36,2.49,3
2025-08-24,North,43,2.45,5
2025-08-24,North-West,66,2.93,2
2025-08-24,South,44,2.76,4
2025-08-24,West,31,2.57,1
2025-08-25,East,21,2.67,1
2025-08-25,North,38,2.68,2
2025-08-25,North-West,52,2.45,3
2025-08-25,South,49,2.53,7
2025-08-25,West,40,2.57,2
2025-08-26,East,26,2.47,5
2025-08-26,North,29,2.74,1
2025-08-26,North-West,60,2.91,5
2025-08-26,South,55,2.59,2
2025-08-26,West,37,2.47,3
2025-08-27,East,32,2.67,7
2025-08-27,North,37,2.8,7
2025-08-27,North-West,62,2.51,5
2025-08-27,South,35,2.52,3
2025-08-27,West,32,2.68,2
2025-08-28,East,26,2.43,3
2025-08-28,North,39,2.63,4
2025-08-28,North-West,45,2.5,4
2025-08-28,South,33,2.89,3
2025-08-28,West,52,2.47,2
2025-08-29,East,22,2.65,1
2025-08-29,North,46,2.61,3
2025-08-29,North-West,66,2.81,6
2025-08-29,South,41,2.67,1
2025-08-29,West,35,2.5,4
2025-08-30,East,31,2.53,1
2025-08-30,North,35,2.68,4
2025-08-30,North-West,69,2.7,8
2025-08-30,South,40,2.42,3
2025-08-30,West,47,2.49,3
2025-08-31,East,23,2.75,2
2025-08-31,North,37,2.75,3
2025-08-31,North-West,72,2.81,7
2025-08-31,South,42,2.68,5
2025-08-31,West,35,2.67,4
2025-09-01,East,18,2.76,1
2025-09-01,North,39,2.74,2
2025-09-01,North-West,56,2.54,5
2025-09-01,South,52,2.72,7
2025-09-01,West,36,2.18,6
2025-09-02,East,21,2.75,0
2025-09-02,North,42,2.51,6
2025-09-02,North-West,67,2.49,5
2025-09-02,South,24,2.76,0
2025-09-02,West,37,2.5,4
2025-09-03,East,18,2.72,2
2025-09-03,North,49,2.55,3
2025-09-03,North-West,76,2.6,3
2025-09-03,South,48,2.74,5
2025-09-03,West,43,2.63,7
2025-09-04,East,23,2.51,0
2025-09-04,North,33,2.48,4
2025-09-04,North-West,72,2.69,5
2025-09-04,South,53,2.52,3
2025-09-04,West,45,2.46,4
2025-09-05,East,24,2.6,1
2025-09-05,North,43,2.58,1
2025-09-05,North-West,65,2.49,6
2025-09-05,South,48,2.61,4
2025-09-05,West,41,2.82,4
2025-09-06,East,22,2.4,2
2025-09-06,North,41,2.4,3
2025-09-06,North-West,59,2.79,7
2025-09-06,South,43,2.49,7
2025-09-06,West,41,2.63,2
2025-09-07,East,19,2.61,3
2025-09-07,North,36,2.37,5
2025-09-07,North-West,66,2.86,4
2025-09-07,South,47,2.54,4
2025-09-07,West,34,2.89,2
2025-09-08,East,19,2.35,4
2025-09-08,North,47,2.22,6
2025-09-08,North-West,63,2.38,2
2025-09-08,South,59,2.51,6
2025-09-08,West,40,2.61,1
2025-09-09,East,24,2.63,1
2025-09-09,North,47,2.49,5
2025-09-09,North-West,57,2.47,7
2025-09-09,South,49,2.46,4
2025-09-09,West,34,2.7,2
2025-09-10,East,32,2.63,3
2025-09-10,North,40,2.64,1
2025-09-10,North-West,55,2.79,2
2025-09-10,South,51,2.55,2
2025-09-10,West,29,2.42,1
2025-09-11,East,33,2.62,3
2025-09-11,North,35,2.74,2
2025-09-11,North-West,61,2.75,6
2025-09-11,South,41,2.79,2
2025-09-11,West,48,2.46,4
2025-09-12,East,23,2.57,2
2025-09-12,North,34,2.66,2
2025-09-12,North-West,73,2.53,9
2025-09-12,South,52,2.53,1
2025-09-12,West,48,2.55,4
2025-09-13,East,34,2.53,2
2025-09-13,North,44,2.68,6
2025-09-13,North-West,59,2.44,4
2025-09-13,South,52,2.5,4
2025-09-13,West,38,2.68,2
2025-09-14,East,25,2.75,1
2025-09-14,North,42,2.55,0
2025-09-14,North-West,69,2.46,7
2025-09-14,South,52,2.65,2
2025-09-14,West,37,2.91,2
2025-09-15,East,29,2.41,1
2025-09-15,North,30,2.74,5
2025-09-15,North-West,59,2.54,2
2025-09-15,South,42,2.68,4
2025-09-15,West,39,2.47,1
2025-09-16,East,22,2.76,2
2025-09-16,North,43,2.7,5
2025-09-16,North-West,52,2.86,6
2025-09-16,South,49,2.68,7
2025-09-16,West,30,2.68,4
2025-09-17,East,28,2.32,5
2025-09-17,North,39,2.7,3
2025-09-17,North-West,79,2.68,2
2025-09-17,South,52,2.55,5
2025-09-17,West,42,2.55,5
2025-09-18,East,32,2.71,3
2025-09-18,North,33,2.62,1
2025-09-18,North-West,60,2.42,11
2025-09-18,South,41,2.46,5
2025-09-18,West,31,2.64,2
2025-09-19,East,31,2.54,2
2025-09-19,North,43,2.55,3
2025-09-19,North-West,71,2.39,4
2025-09-19,South,32,2.58,3
2025-09-19,West,37,2.59,3
2025-09-20,East,26,2.66,3
2025-09-20,North,32,2.42,8
2025-09-20,North-West,60,2.56,2
2025-09-20,South,38,2.37,3
2025-09-20,West,30,2.43,1
2025-09-21,East,31,2.55,1
2025-09-21,North,36,2.46,4
2025-09-21,North-West,81,2.81,8
2025-09-21,South,51,2.75,7
2025-09-21,West,43,2.88,7
2025-09-22,East,37,2.64,2
2025-09-22,North,39,2.49,2
2025-09-22,North-West,77,2.48,2
2025-09-22,South,47,2.79,1
2025-09-22,West,32,2.49,4
2025-09-23,East,36,2.67,3
2025-09-23,North,37,2.72,6
2025-09-23,North-West,51,2.61,2
2025-09-23,South,41,2.52,3
2025-09-23,West,32,2.82,1
2025-09-24,East,34,2.52,2
2025-09-24,North,35,2.35,5
2025-09-24,North-West,60,2.73,3
2025-09-24,South,44,2.53,3
2025-09-24,West,43,2.57,2
2025-09-25,East,26,2.57,2
2025-09-25,North,40,2.71,4
2025-09-25,North-West,73,2.68,8
2025-09-25,South,54,2.61,4
2025-09-25,West,39,2.58,3
2025-09-26,East,25,2.6,2
2025-09-26,North,36,2.57,3
2025-09-26,North-West,63,2.6,7
2025-09-26,South,45,2.77,7
2025-09-26,West,32,2.4,4
2025-09-27,East,32,2.71,0
2025-09-27,North,34,2.49,1
2025-09-27,North-West,57,2.38,8
2025-09-27,South,45,2.48,3
2025-09-27,West,28,2.47,2
2025-09-28,East,20,2.37,2
2025-09-28,North,46,2.7,5
2025-09-28,North-West,66,2.47,8
2025-09-28,South,41,2.72,4
2025-09-28,West,42,2.59,3
2025-09-29,East,28,2.69,3
2025-09-29,North,31,2.74,2
2025-09-29,North-West,59,2.44,3
2025-09-29,South,43,2.57,4
2025-09-29,West,46,2.7,2
2025-09-30,East,34,2.72,1
2025-09-30,North,36,2.53,5
2025-09-30,North-West,68,2.3,5
2025-09-30,South,40,2.53,2
2025-09-30,West,28,2.5,3
2025-10-01,East,25,2.61,3
2025-10-01,North,28,2.67,4
2025-10-01,North-West,53,2.55,3
2025-10-01,South,34,2.43,3
2025-10-01,West,48,2.8,3
2025-10-02,East,24,2.65,2
2025-10-02,North,54,2.64,4
2025-10-02,North-West,80,2.49,7
2025-10-02,South,38,2.73,1
2025-10-02,West,34,2.56,1
2025-10-03,East,23,2.62,0
2025-10-03,North,27,2.74,1
2025-10-03,North-West,73,2.76,7
2025-10-03,South,38,2.72,2
2025-10-03,West,43,2.58,4
2025-10-04,East,20,2.88,2
2025-10-04,North,36,2.79,3
2025-10-04,North-West,64,2.53,6
2025-10-04,South,39,2.49,3
2025-10-04,West,50,2.5,4
2025-10-05,East,26,2.55,2
2025-10-05,North,32,2.55,2
2025-10-05,North-West,60,2.31,1
2025-10-05,South,42,2.88,4
2025-10-05,West,43,2.81,2
2025-10-06,East,25,2.54,5
2025-10-06,North,33,2.41,5
2025-10-06,North-West,59,2.4,7
2025-10-06,South,49,2.56,4
2025-10-06,West,40,2.57,2
2025-10-07,East,18,2.51,2
2025-10-07,North,37,2.8,2
2025-10-07,North-West,61,2.61,4
2025-10-07,South,39,2.94,4
2025-10-07,West,49,2.52,2
2025-10-08,East,25,2.63,3
2025-10-08,North,40,2.77,2
2025-10-08,North-West,47,2.49,4
2025-10-08,South,47,2.48,3
2025-10-08,West,48,2.78,3
2025-10-09,East,28,2.78,1
2025-10-09,North,39,2.35,2
2025-10-09,North-West,55,2.88,4
2025-10-09,South,56,2.53,8
2025-10-09,West,51,2.57,7
2025-10-10,East,29,2.66,0
2025-10-10,North,44,2.53,5
2025-10-10,North-West,56,2.67,3
2025-10-10,South,44,2.52,6
2025-10-10,West,37,2.71,2
2025-10-11,East,19,2.63,1
2025-10-11,North,45,2.52,3
2025-10-11,North-West,59,2.31,7
2025-10-11,South,57,2.61,6
2025-10-11,West,36,2.69,5
2025-10-12,East,28,2.63,5
2025-10-12,North,33,2.47,1
2025-10-12,North-West,67,2.59,4
2025-10-12,South,50,2.61,6
2025-10-12,West,27,2.37,3
2025-10-13,East,26,2.53,1
2025-10-13,North,32,2.53,1
2025-10-13,North-West,70,2.7,5
2025-10-13,South,53,2.85,2
2025-10-13,West,42,2.71,4
2025-10-14,East,27,2.54,4
2025-10-14,North,47,2.9,0
2025-10-14,North-West,74,2.58,8
2025-10-14,South,51,2.55,5
2025-10-14,West,31,2.52,3
2025-10-15,East,19,2.79,2
2025-10-15,North,37,2.87,0
2025-10-15,North-West,60,2.55,5
2025-10-15,South,57,2.74,5
2025-10-15,West,39,2.49,4
2025-10-16,East,18,2.63,2
2025-10-16,North,34,2.83,0
2025-10-16,North-West,71,2.6,8
2025-10-16,South,46,2.71,6
2025-10-16,West,47,2.57,5
2025-10-17,East,19,2.67,1
2025-10-17,North,38,2.81,3
2025-10-17,North-West,61,2.64,5
2025-10-17,South,46,2.5,6
2025-10-17,West,43,2.81,2
2025-10-18,East,24,2.39,3
2025-10-18,North,36,2.9,3
2025-10-18,North-West,64,2.57,8
2025-10-18,South,56,2.61,4
2025-10-18,West,36,2.72,4
2025-10-19,East,31,2.64,4
2025-10-19,North,37,2.61,4
2025-10-19,North-West,58,2.62,4
2025-10-19,South,54,2.79,5
2025-10-19,West,41,2.96,3
2025-10-20,East,20,2.69,1
2025-10-20,North,29,2.62,2
2025-10-20,North-West,67,2.53,8
2025-10-20,South,61,2.51,2
2025-10-20,West,43,2.54,6
2025-10-21,East,29,2.81,1
2025-10-21,North,42,2.67,2
2025-10-21,North-West,63,2.62,4
2025-10-21,South,57,2.44,4
2025-10-21,West,45,2.7,3
2025-10-22,East,26,2.52,2
2025-10-22,North,34,2.65,6
2025-10-22,North-West,56,2.87,6
2025-10-22,South,43,2.66,3
2025-10-22,West,39,2.76,2
2025-10-23,East,29,2.67,5
2025-10-23,North,40,2.78,4
2025-10-23,North-West,74,2.57,8
2025-10-23,South,45,2.53,3
2025-10-23,West,44,2.81,1
2025-10-24,East,27,2.61,1
2025-10-24,North,45,2.59,5
2025-10-24,North-West,63,2.8,5
2025-10-24,South,53,2.49,1
2025-10-24,West,46,2.7,5
2025-10-25,East,24,2.65,1
2025-10-25,North,38,2.5,3
2025-10-25,North-West,66,2.62,5
2025-10-25,South,53,2.53,3
2025-10-25,West,47,2.4,2
2025-10-26,East,34,2.4,1
2025-10-26,North,42,2.6,6
2025-10-26,North-West,82,2.51,6
2025-10-26,South,41,2.31,4
2025-10-26,West,35,2.7,2
2025-10-27,East,25,2.56,1
2025-10-27,North,38,2.78,4
2025-10-27,North-West,63,2.97,5
2025-10-27,South,41,2.54,4
2025-10-27,West,45,2.48,7
2025-10-28,East,20,2.43,1
2025-10-28,North,37,2.54,4
2025-10-28,North-West,71,2.54,8
2025-10-28,South,34,2.48,5
2025-10-28,West,30,2.53,5
2025-10-29,East,23,2.64,4
2025-10-29,North,43,2.86,6
2025-10-29,North-West,68,2.79,7
2025-10-29,South,43,2.51,3
2025-10-29,West,33,2.61,4
2025-10-30,East,31,2.43,2
2025-10-30,North,38,2.76,2
2025-10-30,North-West,71,2.5,8
2025-10-30,South,43,2.6,4
2025-10-30,West,50,2.36,4
2025-10-31,East,32,2.64,5
2025-10-31,North,41,2.54,3
2025-10-31,North-West,84,2.48,8
2025-10-31,South,49,2.78,1
2025-10-31,West,32,2.24,2
2025-11-01,East,27,2.62,2
2025-11-01,North,38,2.87,1
2025-11-01,North-West,58,2.44,7
2025-11-01,South,33,2.86,3
2025-11-01,West,37,2.62,3
2025-11-02,East,33,2.6,2
2025-11-02,North,35,2.59,4
2025-11-02,North-West,60,2.78,5
2025-11-02,South,39,2.8,4
2025-11-02,West,45,2.48,3
2025-11-03,East,22,2.75,0
2025-11-03,North,34,2.56,2
2025-11-03,North-West,72,2.73,5
2025-11-03,South,42,2.64,5
2025-11-03,West,40,2.52,4
2025-11-04,East,30,2.5,2
2025-11-04,North,36,2.55,7
2025-11-04,North-West,68,2.6,4
2025-11-04,South,44,2.44,4
2025-11-04,West,42,2.81,1
2025-11-05,East,22,2.65,1
2025-11-05,North,39,2.41,2
2025-11-05,North-West,71,2.73,7
2025-11-05,South,63,2.85,7
2025-11-05,West,42,2.77,3
2025-11-06,East,24,2.36,1
2025-11-06,North,35,2.9,2
2025-11-06,North-West,56,2.34,3
2025-11-06,South,34,2.57,2
2025-11-06,West,38,2.71,3
2025-11-07,East,25,2.79,1
2025-11-07,North,45,2.77,3
2025-11-07,North-West,66,2.42,7
2025-11-07,South,57,2.75,3
2025-11-07,West,34,2.71,4
2025-11-08,East,22,2.35,2
2025-11-08,North,28,2.74,1
2025-11-08,North-West,58,2.59,3
2025-11-08,South,56,2.5,2
2025-11-08,West,44,2.59,6
2025-11-09,East,30,2.61,4
2025-11-09,North,36,2.55,1
2025-11-09,North-West,56,2.55,6
2025-11-09,South,56,2.72,4
2025-11-09,West,39,2.3,3
2025-11-10,East,27,2.8,1
2025-11-10,North,40,2.62,1
2025-11-10,North-West,69,2.71,5
2025-11-10,South,55,2.48,6
2025-11-10,West,32,2.53,0
2025-11-11,East,26,2.56,2
2025-11-11,North,36,2.79,5
2025-11-11,North-West,65,2.61,7
2025-11-11,South,50,2.78,1
2025-11-11,West,37,2.46,3
2025-11-12,East,25,2.38,1
2025-11-12,North,42,2.59,3
2025-11-12,North-West,56,2.59,4
2025-11-12,South,45,2.56,4
2025-11-12,West,37,2.46,3
2025-11-13,East,26,2.39,3
2025-11-13,North,37,2.31,1
2025-11-13,North-West,67,2.72,3
2025-11-13,South,53,2.72,9
2025-11-13,West,48,2.65,3
2025-11-14,East,23,2.74,4
2025-11-14,North,37,2.59,1
2025-11-14,North-West,70,2.64,8
2025-11-14,South,44,2.68,3
2025-11-14,West,42,2.65,3
2025-11-15,East,30,2.71,1
2025-11-15,North,34,2.65,2
2025-11-15,North-West,70,2.55,3
2025-11-15,South,46,2.46,6
2025-11-15,West,38,2.73,4
2025-11-16,East,27,2.54,2
2025-11-16,North,36,2.77,2
2025-11-16,North-West,58,2.5,7
2025-11-16,South,50,2.52,8
2025-11-16,West,31,2.54,1
2025-11-17,East,24,2.68,1
2025-11-17,North,53,2.63,4
2025-11-17,North-West,61,2.65,2
2025-11-17,South,40,2.52,2
2025-11-17,West,42,2.47,6
2025-11-18,East,27,2.73,0
2025-11-18,North,35,2.71,4
2025-11-18,North-West,67,2.32,3
2025-11-18,South,49,2.47,4
2025-11-18,West,25,2.77,1
2025-11-19,East,28,2.62,2
2025-11-19,North,33,2.63,3
2025-11-19,North-West,70,2.52,8
2025-11-19,South,44,2.55,4
2025-11-19,West,38,2.33,3
2025-11-20,East,28,2.54,1
2025-11-20,North,38,2.47,1
2025-11-20,North-West,72,2.64,4
2025-11-20,South,52,2.5,3
2025-11-20,West,45,2.71,7
2025-11-21,East,19,2.31,2
2025-11-21,North,38,2.66,1
2025-11-21,North-West,68,2.46,4
2025-11-21,South,36,2.49,5
2025-11-21,West,36,2.54,1
2025-11-22,East,30,2.83,3
2025-11-22,North,34,2.62,2
2025-11-22,North-West,61,2.58,6
2025-11-22,South,51,2.49,6
2025-11-22,West,28,2.68,1
2025-11-23,East,34,2.48,3
2025-11-23,North,37,2.45,2
2025-11-23,North-West,67,2.44,3
2025-11-23,South,44,2.64,5
2025-11-23,West,30,2.67,2
2025-11-24,East,31,2.51,2
2025-11-24,North,34,2.58,2
2025-11-24,North-West,69,2.41,12
2025-11-24,South,54,2.48,2
2025-11-24,West,43,2.65,2
2025-11-25,East,34,2.46,1
2025-11-25,North,52,2.85,3
2025-11-25,North-West,72,2.68,5
2025-11-25,South,53,2.48,1
2025-11-25,West,33,2.62,4
2025-11-26,East,18,2.64,0
2025-11-26,North,31,2.88,2
2025-11-26,North-West,64,2.75,6
2025-11-26,South,53,2.51,9
2025-11-26,West,43,3.02,1
2025-11-27,East,35,2.43,4
2025-11-27,North,36,2.39,9
2025-11-27,North-West,68,2.39,0
2025-11-27,South,52,2.62,2
2025-11-27,West,35,2.58,4
2025-11-28,East,26,2.65,3
2025-11-28,North,27,2.53,3
2025-11-28,North-West,60,2.45,9
2025-11-28,South,49,2.6,1
2025-11-28,West,43,2.98,4
2025-11-29,East,24,2.68,0
2025-11-29,North,42,2.54,4
2025-11-29,North-West,72,2.62,7
2025-11-29,South,43,2.81,2
2025-11-29,West,34,2.63,2
2025-11-30,East,27,2.39,2
2025-11-30,North,38,2.18,2
2025-11-30,North-West,58,2.8,5
2025-11-30,South,57,2.72,6
2025-11-30,West,40,2.58,5
2025-12-01,East,31,2.62,3
2025-12-01,North,32,2.31,1
2025-12-01,North-West,70,2.74,3
2025-12-01,South,37,2.45,3
2025-12-01,West,36,2.62,2
2025-12-02,East,26,2.47,3
2025-12-02,North,40,2.6,1
2025-12-02,North-West,68,2.94,3
2025-12-02,South,43,2.86,2
2025-12-02,West,37,2.39,3
2025-12-03,East,27,2.52,1
2025-12-03,North,40,2.71,0
2025-12-03,North-West,64,2.65,4
2025-12-03,South,48,2.72,6
2025-12-03,West,42,2.82,4
2025-12-04,East,22,2.72,0
2025-12-04,North,44,2.53,3
2025-12-04,North-West,75,2.39,7
2025-12-04,South,42,2.56,1
2025-12-04,West,39,2.63,6
2025-12-05,East,24,2.79,5
2025-12-05,North,44,2.4,4
2025-12-05,North-West,66,2.71,3
2025-12-05,South,44,2.77,6
2025-12-05,West,38,2.83,5
2025-12-06,East,24,2.82,3
2025-12-06,North,41,2.53,3
2025-12-06,North-West,54,2.63,7
2025-12-06,South,44,2.67,5
2025-12-06,West,33,2.56,0
2025-12-07,East,26,2.38,2
2025-12-07,North,42,2.51,4
2025-12-07,North-West,79,2.58,5
2025-12-07,South,41,2.57,4
2025-12-07,West,30,2.39,1
2025-12-08,East,24,2.78,2
2025-12-08,North,39,2.65,0
2025-12-08,North-West,57,2.46,3
2025-12-08,South,53,2.51,2
2025-12-08,West,41,2.95,2
2025-12-09,East,29,2.76,3
2025-12-09,North,47,2.5,0
2025-12-09,North-West,75,2.24,7
2025-12-09,South,43,2.62,2
2025-12-09,West,51,2.4,1
2025-12-10,East,22,2.61,1
2025-12-10,North,47,2.46,2
2025-12-10,North-West,61,2.84,4
2025-12-10,South,54,2.51,6
2025-12-10,West,32,2.73,3
2025-12-11,East,24,2.55,2
2025-12-11,North,25,2.44,2
2025-12-11,North-West,49,2.46,4
2025-12-11,South,49,2.63,3
2025-12-11,West,44,2.68,3
2025-12-12,East,26,2.82,2
2025-12-12,North,43,2.82,2
2025-12-12,North-West,69,2.76,2
2025-12-12,South,52,2.46,2
2025-12-12,West,41,2.62,7
2025-12-13,East,24,2.61,1
2025-12-13,North,42,2.48,5
2025-12-13,North-West,66,2.41,8
2025-12-13,South,41,2.63,4
2025-12-13,West,42,2.41,7
2025-12-14,East,24,2.63,1
2025-12-14,North,29,2.54,1
2025-12-14,North-West,68,2.73,6
2025-12-14,South,41,2.74,2
2025-12-14,West,33,2.62,3
2025-12-15,East,24,2.6,3
2025-12-15,North,40,2.74,1
2025-12-15,North-West,68,2.84,6
2025-12-15,South,48,2.73,4
2025-12-15,West,39,2.7,2
2025-12-16,East,24,2.82,3
2025-12-16,North,45,2.41,2
2025-12-16,North-West,73,2.32,2
2025-12-16,South,38,2.55,6
2025-12-16,West,53,2.81,8
2025-12-17,East,26,2.82,3
2025-12-17,North,33,2.59,2
2025-12-17,North-West,68,2.78,3
2025-12-17,South,55,2.94,6
2025-12-17,West,40,2.55,5
2025-12-18,East,23,2.64,2
2025-12-18,North,41,2.75,5
2025-12-18,North-West,93,2.7,4
2025-12-18,South,41,2.7,5
2025-12-18,West,26,2.82,1
2025-12-19,East,35,2.78,4
2025-12-19,North,36,2.45,3
2025-12-19,North-West,69,2.64,4
2025-12-19,South,51,2.71,2
2025-12-19,West,45,2.42,2
2025-12-20,East,24,2.65,2
2025-12-20,North,36,2.64,4
2025-12-20,North-West,55,2.76,3
2025-12-20,South,52,2.46,3
2025-12-20,West,37,2.62,5
2025-12-21,East,21,2.8,4
2025-12-21,North,28,2.67,4
2025-12-21,North-West,69,2.68,5
2025-12-21,South,41,2.53,3
2025-12-21,West,40,2.4,2
2025-12-22,East,28,2.53,1
2025-12-22,North,34,2.75,2
2025-12-22,North-West,64,2.4,9
2025-12-22,South,61,2.53,5
2025-12-22,West,35,2.58,2
2025-12-23,East,23,2.73,2
2025-12-23,North,35,2.44,6
2025-12-23,North-West,62,2.57,3
2025-12-23,South,42,2.59,1
2025-12-23,West,38,2.63,3
2025-12-24,East,21,2.4,5
2025-12-24,North,37,2.79,4
2025-12-24,North-West,71,2.51,2
2025-12-24,South,55,2.54,7
2025-12-24,West,41,2.52,5
2025-12-25,East,25,2.55,0
2025-12-25,North,33,2.73,1
2025-12-25,North-West,82,2.29,6
2025-12-25,South,59,2.29,4
2025-12-25,West,49,2.67,5
2025-12-26,East,24,2.73,2
2025-12-26,North,32,2.61,3
2025-12-26,North-West,73,2.73,7
2025-12-26,South,48,2.73,3
2025-12-26,West,44,2.46,3
2025-12-27,East,25,2.54,3
2025-12-27,North,37,2.66,5
2025-12-27,North-West,65,2.38,6
2025-12-27,South,39,2.46,3
2025-12-27,West,39,2.57,3
2025-12-28,East,41,2.86,8
2025-12-28,North,35,2.66,5
2025-12-28,North-West,66,2.42,5
2025-12-28,South,52,2.64,6
2025-12-28,West,37,2.44,5
2025-12-29,East,26,2.63,1
2025-12-29,North,43,2.54,4
2025-12-29,North-West,81,2.54,5
2025-12-29,South,40,2.39,4
2025-12-29,West,38,2.73,4
2025-12-30,East,22,2.78,1
2025-12-30,North,31,2.81,0
2025-12-30,North-West,66,2.38,5
2025-12-30,South,41,2.86,5
2025-12-30,West,39,2.57,5
2025-12-31,East,25,2.68,3
2025-12-31,North,43,2.49,5
2025-12-31,North-West,58,2.78,3
2025-12-31,South,48,2.39,7
2025-12-31,West,41,2.66,2
2026-01-01,East,24,2.66,2
2026-01-01,North,38,2.62,2
2026-01-01,North-West,51,2.6,4
2026-01-01,South,45,2.47,1
2026-01-01,West,38,2.65,2
2026-01-02,East,21,2.59,0
2026-01-02,North,42,2.82,4
2026-01-02,North-West,53,2.77,4
2026-01-02,South,52,2.61,5
2026-01-02,West,44,2.52,3
2026-01-03,East,28,2.35,2
2026-01-03,North,38,2.65,4
2026-01-03,North-West,67,2.9,7
2026-01-03,South,47,2.61,3
2026-01-03,West,32,2.59,3
2026-01-04,East,27,2.63,2
2026-01-04,North,47,2.58,4
2026-01-04,North-West,58,2.55,5
2026-01-04,South,48,2.74,1
2026-01-04,West,38,2.71,3
2026-01-05,East,24,2.77,2
2026-01-05,North,47,2.63,3
2026-01-05,North-West,61,2.77,5
2026-01-05,South,53,2.6,3
2026-01-05,West,36,2.67,2
2026-01-06,East,36,2.41,4
2026-01-06,North,50,2.75,1
2026-01-06,North-West,53,2.58,1
2026-01-06,South,55,2.29,5
2026-01-06,West,50,2.73,6
2026-01-07,East,24,2.82,1
2026-01-07,North,46,2.46,6
2026-01-07,North-West,64,2.65,4
2026-01-07,South,38,2.87,1
2026-01-07,West,31,2.81,1
2026-01-08,East,28,2.57,3
2026-01-08,North,43,2.77,8
2026-01-08,North-West,61,2.83,5
2026-01-08,South,43,2.67,2
2026-01-08,West,32,2.65,2
2026-01-09,East,30,2.63,6
2026-01-09,North,29,2.73,1
2026-01-09,North-West,74,2.42,5
2026-01-09,South,48,2.62,6
2026-01-09,West,31,2.91,8
2026-01-10,East,29,2.49,2
2026-01-10,North,38,2.64,1
2026-01-10,North-West,62,2.78,5
2026-01-10,South,44,2.54,3
2026-01-10,West,28,2.73,1
2026-01-11,East,27,2.7,3
2026-01-11,North,38,2.53,3
2026-01-11,North-West,58,2.55,4
2026-01-11,South,51,2.64,1
2026-01-11,West,29,2.43,1
2026-01-12,East,22,2.7,1
2026-01-12,North,54,2.68,7
2026-01-12,North-West,45,2.66,2
2026-01-12,South,47,2.56,2
2026-01-12,West,39,2.37,4
2026-01-13,East,27,2.75,0
2026-01-13,North,37,2.65,2
2026-01-13,North-West,69,2.23,6
2026-01-13,South,45,2.71,4
2026-01-13,West,37,2.67,4
2026-01-14,East,19,2.52,4
2026-01-14,North,31,2.44,1
2026-01-14,North-West,58,2.82,2
2026-01-14,South,54,2.7,2
2026-01-14,West,40,2.58,2
2026-01-15,East,25,2.21,2
2026-01-15,North,38,2.62,2
2026-01-15,North-West,53,2.44,1
2026-01-15,South,46,2.58,4
2026-01-15,West,34,2.9,2
2026-01-16,East,25,2.61,1
2026-01-16,North,35,2.51,2
2026-01-16,North-West,60,2.87,10
2026-01-16,South,56,2.34,5
2026-01-16,West,41,2.42,4
2026-01-17,East,30,2.76,0
2026-01-17,North,26,2.43,1
2026-01-17,North-West,76,2.7,7
2026-01-17,South,43,2.86,6
2026-01-17,West,41,2.57,2
2026-01-18,East,25,2.71,2
2026-01-18,North,38,2.59,4
2026-01-18,North-West,68,2.48,5
2026-01-18,South,52,2.68,3
2026-01-18,West,27,2.52,2
2026-01-19,East,24,2.44,1
2026-01-19,North,46,2.68,4
2026-01-19,North-West,62,2.61,5
2026-01-19,South,48,2.46,5
2026-01-19,West,39,2.56,2
2026-01-20,East,24,2.52,4
2026-01-20,North,37,2.47,6
2026-01-20,North-West,69,2.68,3
2026-01-20,South,56,2.62,2
2026-01-20,West,32,2.49,2
2026-01-21,East,27,2.58,4
2026-01-21,North,34,2.82,1
2026-01-21,North-West,64,2.45,6
2026-01-21,South,40,2.57,1
2026-01-21,West,38,2.55,3
2026-01-22,East,23,2.45,1
2026-01-22,North,40,2.84,5
2026-01-22,North-West,72,2.53,6
2026-01-22,South,52,2.64,3
2026-01-22,West,34,2.44,2
2026-01-23,East,25,2.77,1
2026-01-23,North,35,2.5,5
2026-01-23,North-West,74,2.65,7
2026-01-23,South,37,2.61,4
2026-01-23,West,32,2.97,1
2026-01-24,East,24,2.7,1
2026-01-24,North,40,2.43,4
2026-01-24,North-West,64,2.5,2
2026-01-24,South,45,2.79,1
2026-01-24,West,42,2.35,2
2026-01-25,East,24,2.36,2
2026-01-25,North,31,2.85,4
2026-01-25,North-West,62,2.62,6
2026-01-25,South,58,2.61,4
2026-01-25,West,44,2.58,1
2026-01-26,East,28,2.49,1
2026-01-26,North,35,2.87,3
2026-01-26,North-West,69,2.66,3
2026-01-26,South,37,2.35,5
2026-01-26,West,37,2.47,4
2026-01-27,East,29,2.56,1
2026-01-27,North,28,2.54,5
2026-01-27,North-West,67,2.58,4
2026-01-27,South,61,2.46,3
2026-01-27,West,34,2.47,1
2026-01-28,East,24,2.29,2
2026-01-28,North,42,2.69,3
2026-01-28,North-West,53,2.66,3
2026-01-28,South,42,2.62,3
2026-01-28,West,40,2.88,1
2026-01-29,East,17,2.53,2
2026-01-29,North,42,2.42,4
2026-01-29,North-West,51,2.6,4
2026-01-29,South,44,2.59,2
2026-01-29,West,45,2.8,3
2026-01-30,East,27,2.58,0
2026-01-30,North,40,2.56,4
2026-01-30,North-West,63,2.54,5
2026-01-30,South,51,2.76,2
2026-01-30,West,38,2.6,2
2026-01-31,East,26,2.53,2
2026-01-31,North,52,2.46,5
2026-01-31,North-West,56,2.59,1
2026-01-31,South,46,2.8,3
2026-01-31,West,39,2.7,3
2026-02-01,East,22,2.4,1
2026-02-01,North,39,2.62,1
2026-02-01,North-West,72,2.48,9
2026-02-01,South,57,2.78,6
2026-02-01,West,45,2.53,4
2026-02-02,East,19,2.45,0
2026-02-02,North,41,2.64,4
2026-02-02,North-West,59,2.28,5
2026-02-02,South,61,2.59,4
2026-02-02,West,40,2.63,2
2026-02-03,East,29,2.57,3
2026-02-03,North,33,2.58,4
2026-02-03,North-West,60,2.69,2
2026-02-03,South,44,2.74,3
2026-02-03,West,41,2.44,4
2026-02-04,East,27,2.67,0
2026-02-04,North,43,2.54,4
2026-02-04,North-West,60,2.47,9
2026-02-04,South,46,2.84,6
2026-02-04,West,48,2.54,4
2026-02-05,East,39,2.25,1
2026-02-05,North,28,2.6,2
2026-02-05,North-West,59,2.62,6
2026-02-05,South,53,2.43,4
2026-02-05,West,47,2.41,2
2026-02-06,East,20,2.62,1
2026-02-06,North,41,2.47,0
2026-02-06,North-West,73,2.58,4
2026-02-06,South,37,2.84,2
2026-02-06,West,38,2.66,4
2026-02-07,East,24,2.52,1
2026-02-07,North,39,2.74,4
2026-02-07,North-West,75,2.4,4
2026-02-07,South,51,2.52,8
2026-02-07,West,27,2.64,2
2026-02-08,East,20,2.68,2
2026-02-08,North,29,2.62,2
2026-02-08,North-West,52,2.53,3
2026-02-08,South,46,2.42,3
2026-02-08,West,42,2.58,3
2026-02-09,East,29,2.71,0
2026-02-09,North,31,2.76,3
2026-02-09,North-West,74,2.82,6
2026-02-09,South,58,2.54,2
2026-02-09,West,37,2.41,3
2026-02-10,East,23,2.64,2
2026-02-10,North,34,2.49,2
2026-02-10,North-West,68,2.58,7
2026-02-10,South,39,2.66,4
2026-02-10,West,42,2.69,4
2026-02-11,East,28,2.8,1
2026-02-11,North,46,2.58,5
2026-02-11,North-West,64,2.76,7
2026-02-11,South,41,2.46,5
2026-02-11,West,42,2.45,5
2026-02-12,East,36,2.89,5
2026-02-12,North,30,2.55,2
2026-02-12,North-West,68,2.47,10
2026-02-12,South,64,2.51,5
2026-02-12,West,43,2.66,3
2026-02-13,East,24,2.51,3
2026-02-13,North,49,2.65,5
2026-02-13,North-West,70,2.38,5
2026-02-13,South,40,2.64,2
2026-02-13,West,38,2.47,7
2026-02-14,East,25,2.53,3
2026-02-14,North,52,2.63,6
2026-02-14,North-West,63,2.69,5
2026-02-14,South,46,2.49,4
2026-02-14,West,39,2.84,2
2026-02-15,East,28,2.71,3
2026-02-15,North,41,2.8,1
2026-02-15,North-West,63,2.51,4
2026-02-15,South,35,2.54,2
2026-02-15,West,36,2.38,5
2026-02-16,East,33,2.57,4
2026-02-16,North,50,2.6,5
2026-02-16,North-West,72,2.62,5
2026-02-16,South,62,2.49,1
2026-02-16,West,33,2.32,3
2026-02-17,East,27,2.6,1
2026-02-17,North,27,2.45,4
2026-02-17,North-West,67,2.85,5
2026-02-17,South,41,2.26,2
2026-02-17,West,41,2.52,6
2026-02-18,East,27,2.23,2
2026-02-18,North,41,2.77,2
2026-02-18,North-West,81,2.38,4
2026-02-18,South,46,2.54,3
2026-02-18,West,30,2.68,3
2026-02-19,East,28,2.72,3
2026-02-19,North,36,2.55,1
2026-02-19,North-West,69,2.46,4
2026-02-19,South,39,2.49,4
2026-02-19,West,37,2.62,3
2026-02-20,East,22,2.53,2
2026-02-20,North,42,2.55,3
2026-02-20,North-West,63,2.42,6
2026-02-20,South,44,2.34,5
2026-02-20,West,38,2.79,3
2026-02-21,East,33,2.76,3
2026-02-21,North,36,2.33,4
2026-02-21,North-West,83,2.57,6
2026-02-21,South,53,2.6,4
2026-02-21,West,46,2.59,2
2026-02-22,East,38,2.52,5
2026-02-22,North,44,2.39,4
2026-02-22,North-West,75,2.37,5
2026-02-22,South,49,2.61,8
2026-02-22,West,28,2.62,4
2026-02-23,East,26,2.65,2
2026-02-23,North,40,2.65,8
2026-02-23,North-West,68,2.57,6
2026-02-23,South,51,2.87,6
2026-02-23,West,33,2.72,2
2026-02-24,East,35,2.67,1
2026-02-24,North,42,2.79,6
2026-02-24,North-West,77,2.57,5
2026-02-24,South,52,2.63,2
2026-02-24,West,38,2.63,3
2026-02-25,East,21,2.57,3
2026-02-25,North,37,2.4,3
2026-02-25,North-West,55,2.69,3
2026-02-25,South,41,2.48,3
2026-02-25,West,38,2.63,4
2026-02-26,East,23,2.76,2
2026-02-26,North,42,2.35,4
2026-02-26,North-West,67,2.49,7
2026-02-26,South,52,2.71,4
2026-02-26,West,45,2.65,2
2026-02-27,East,26,2.39,3
2026-02-27,North,27,2.33,3
2026-02-27,North-West,64,2.6,7
2026-02-27,South,42,2.53,2
2026-02-27,West,28,2.64,0
2026-02-28,East,23,2.63,0
2026-02-28,North,39,2.75,3
2026-02-28,North-West,51,2.69,7
2026-02-28,South,44,2.75,1
2026-02-28,West,36,2.61,4
2026-03-01,East,29,2.62,5
2026-03-01,North,42,2.61,5
2026-03-01,North-West,70,2.43,5
2026-03-01,South,48,2.45,5
2026-03-01,West,31,2.66,3
2026-03-02,East,32,2.79,1
2026-03-02,North,33,2.6,4
2026-03-02,North-West,66,2.63,3
2026-03-02,South,64,2.54,10
2026-03-02,West,45,2.49,5
2026-03-03,East,25,2.2,1
2026-03-03,North,39,2.63,3
2026-03-03,North-West,62,2.66,6
2026-03-03,South,38,2.37,3
2026-03-03,West,43,2.35,4
2026-03-04,East,24,2.63,2
2026-03-04,North,37,2.74,2
2026-03-04,North-West,62,2.8,3
2026-03-04,South,52,2.57,3
2026-03-04,West,30,2.64,3
2026-03-05,East,24,2.48,3
2026-03-05,North,38,2.74,3
2026-03-05,North-West,63,2.7,9
2026-03-05,South,60,2.68,6
2026-03-05,West,34,2.68,2
2026-03-06,East,23,2.57,1
2026-03-06,North,31,2.77,1
2026-03-06,North-West,56,2.46,3
2026-03-06,South,49,2.49,2
2026-03-06,West,28,2.47,1
2026-03-07,East,29,2.59,2
2026-03-07,North,29,2.59,6
2026-03-07,North-West,74,2.57,8
2026-03-07,South,34,2.36,4
2026-03-07,West,30,2.42,3
2026-03-08,East,29,2.65,3
2026-03-08,North,46,2.78,6
2026-03-08,North-West,54,2.56,8
2026-03-08,South,38,2.66,3
2026-03-08,West,38,2.68,3
2026-03-09,East,23,2.6,1
2026-03-09,North,35,2.45,2
2026-03-09,North-West,66,2.66,10
2026-03-09,South,31,2.51,1
2026-03-09,West,31,2.58,3
2026-03-10,East,18,2.37,0
2026-03-10,North,40,2.71,3
2026-03-10,North-West,80,2.71,10
2026-03-10,South,45,2.6,4
2026-03-10,West,42,2.56,2
2026-03-11,East,32,2.68,2
2026-03-11,North,36,2.81,3
2026-03-11,North-West,63,2.51,8
2026-03-11,South,47,2.41,7
2026-03-11,West,38,2.84,2
2026-03-12,East,26,2.54,3
2026-03-12,North,45,2.4,4
2026-03-12,North-West,60,2.67,5
2026-03-12,South,39,2.89,3
2026-03-12,West,42,2.59,1
2026-03-13,East,26,2.49,0
2026-03-13,North,46,2.53,4
2026-03-13,North-West,67,2.44,7
2026-03-13,South,49,2.71,6
2026-03-13,West,46,2.52,4
2026-03-14,East,34,2.57,0
2026-03-14,North,41,2.45,4
2026-03-14,North-West,62,2.66,5
2026-03-14,South,40,2.94,2
2026-03-14,West,41,2.52,4
2026-03-15,East,27,2.43,5
2026-03-15,North,38,2.71,4
2026-03-15,North-West,57,2.69,5
2026-03-15,South,44,2.49,4
2026-03-15,West,37,2.59,2
2026-03-16,East,24,2.84,3
2026-03-16,North,35,2.6,0
2026-03-16,North-West,68,2.56,6
2026-03-16,South,58,2.55,5
2026-03-16,West,35,2.22,3
2026-03-17,East,24,2.38,2
2026-03-17,North,36,2.49,5
2026-03-17,North-West,55,2.42,6
2026-03-17,South,49,2.52,5
2026-03-17,West,36,2.74,1
2026-03-18,East,28,2.76,4
2026-03-18,North,40,2.85,4
2026-03-18,North-West,56,2.41,4
2026-03-18,South,53,2.82,6
2026-03-18,West,49,2.54,4
2026-03-19,East,25,2.63,2
2026-03-19,North,32,2.51,4
2026-03-19,North-West,75,2.57,3
2026-03-19,South,53,2.6,5
2026-03-19,West,40,2.51,4
2026-03-20,East,30,2.49,5
2026-03-20,North,32,2.38,2
2026-03-20,North-West,50,2.61,5
2026-03-20,South,44,2.85,3
2026-03-20,West,34,2.69,2
2026-03-21,East,24,2.53,4
2026-03-21,North,42,2.53,4
2026-03-21,North-West,74,2.58,3
2026-03-21,South,50,2.78,0
2026-03-21,West,40,3.06,3
2026-03-22,East,28,2.76,2
2026-03-22,North,31,2.66,0
2026-03-22,North-West,58,2.4,6
2026-03-22,South,53,2.3,4
2026-03-22,West,39,2.51,3
2026-03-23,East,18,2.78,0
2026-03-23,North,46,2.52,4
2026-03-23,North-West,63,2.69,4
2026-03-23,South,46,2.51,4
2026-03-23,West,39,2.44,6
2026-03-24,East,13,2.76,1
2026-03-24,North,33,2.73,2
2026-03-24,North-West,69,2.63,5
2026-03-24,South,54,2.58,3
2026-03-24,West,42,2.32,4
2026-03-25,East,19,2.63,2
2026-03-25,North,36,2.39,4
2026-03-25,North-West,59,2.95,6
2026-03-25,South,54,2.67,2
2026-03-25,West,48,2.89,3
2026-03-26,East,31,2.72,2
2026-03-26,North,48,2.57,1
2026-03-26,North-West,66,2.71,5
2026-03-26,South,46,2.66,3
2026-03-26,West,40,2.35,1
2026-03-27,East,25,2.57,2
2026-03-27,North,40,2.55,3
2026-03-27,North-West,57,2.55,6
2026-03-27,South,55,2.45,2
2026-03-27,West,52,2.79,8
2026-03-28,East,26,2.72,2
2026-03-28,North,35,2.69,1
2026-03-28,North-West,67,2.56,6
2026-03-28,South,49,2.33,2
2026-03-28,West,36,2.48,2
2026-03-29,East,19,2.66,1
2026-03-29,North,37,2.88,1
2026-03-29,North-West,66,2.39,5
2026-03-29,South,56,2.73,5
2026-03-29,West,43,2.74,6
2026-03-30,East,23,2.38,1
2026-03-30,North,32,2.58,0
2026-03-30,North-West,57,2.45,5
2026-03-30,South,47,2.63,6
2026-03-30,West,38,2.68,2
2026-03-31,East,16,2.64,0
2026-03-31,North,35,2.4,5
2026-03-31,North-West,70,2.58,9
2026-03-31,South,38,2.67,7
2026-03-31,West,33,2.57,3
2026-04-01,East,24,2.41,2
2026-04-01,North,39,2.83,4
2026-04-01,North-West,56,2.6,2
2026-04-01,South,53,2.39,8
2026-04-01,West,42,2.87,3
2026-04-02,East,18,2.46,2
2026-04-02,North,35,2.68,1
2026-04-02,North-West,69,2.69,5
2026-04-02,South,46,2.88,6
2026-04-02,West,24,2.61,2
2026-04-03,East,29,2.42,2
2026-04-03,North,28,2.62,7
2026-04-03,North-West,71,2.46,6
2026-04-03,South,49,2.36,8
2026-04-03,West,37,2.72,5
2026-04-04,East,27,2.67,2
2026-04-04,North,41,2.56,2
2026-04-04,North-West,63,2.77,6
2026-04-04,South,48,2.5,3
2026-04-04,West,33,2.66,3
2026-04-05,East,24,2.54,4
2026-04-05,North,35,2.52,0
2026-04-05,North-West,50,2.53,7
2026-04-05,South,62,2.48,5
2026-04-05,West,31,2.5,0
2026-04-06,East,18,2.36,0
2026-04-06,North,41,2.61,5
2026-04-06,North-West,72,2.48,7
2026-04-06,South,46,2.58,3
2026-04-06,West,40,2.62,1
2026-04-07,East,24,2.47,2
2026-04-07,North,28,2.66,1
2026-04-07,North-West,67,2.51,4
2026-04-07,South,44,2.77,3
2026-04-07,West,37,2.33,3
2026-04-08,East,28,2.37,2
2026-04-08,North,26,2.65,2
2026-04-08,North-West,65,2.67,5
2026-04-08,South,55,2.59,5
2026-04-08,West,39,2.92,3
2026-04-09,East,27,2.64,2
2026-04-09,North,37,2.58,2
2026-04-09,North-West,63,2.48,2
2026-04-09,South,59,2.82,8
2026-04-09,West,33,2.51,3
2026-04-10,East,17,2.38,2
2026-04-10,North,29,2.62,1
2026-04-10,North-West,49,2.71,3
2026-04-10,South,47,2.7,3
2026-04-10,West,38,2.58,3
2026-04-11,East,23,2.64,1
2026-04-11,North,27,2.51,2
2026-04-11,North-West,72,2.5,8
2026-04-11,South,46,2.4,7
2026-04-11,West,42,2.47,3
2026-04-12,East,20,2.4,3
2026-04-12,North,29,2.76,1
2026-04-12,North-West,66,2.76,5
2026-04-12,South,46,2.83,5
2026-04-12,West,38,2.5,5
2026-04-13,East,24,2.36,1
2026-04-13,North,37,2.61,0
2026-04-13,North-West,50,2.68,3
2026-04-13,South,44,2.8,3
2026-04-13,West,43,2.71,2
2026-04-14,East,22,2.65,1
2026-04-14,North,49,3.1,3
2026-04-14,North-West,63,2.75,7
2026-04-14,South,49,2.52,3
2026-04-14,West,42,2.37,1
2026-04-15,East,24,2.59,1
2026-04-15,North,44,2.27,2
2026-04-15,North-West,65,2.53,2
2026-04-15,South,50,2.6,3
2026-04-15,West,32,2.46,0
2026-04-16,East,34,2.82,3
2026-04-16,North,45,2.71,5
2026-04-16,North-West,69,2.63,13
2026-04-16,South,45,2.66,3
2026-04-16,West,44,2.6,4
2026-04-17,East,23,2.62,5
2026-04-17,North,35,2.65,1
2026-04-17,North-West,67,2.7,2
2026-04-17,South,50,2.58,7
2026-04-17,West,35,2.68,4
2026-04-18,East,24,2.36,0
2026-04-18,North,35,2.53,3
2026-04-18,North-West,60,2.41,3
2026-04-18,South,51,2.6,9
2026-04-18,West,43,2.8,5
2026-04-19,East,34,2.65,2
2026-04-19,North,27,2.38,3
2026-04-19,North-West,73,2.71,8
2026-04-19,South,43,2.53,3
2026-04-19,West,33,2.39,3
2026-04-20,East,27,2.6,2
2026-04-20,North,35,2.61,0
2026-04-20,North-West,73,2.81,5
2026-04-20,South,60,2.72,4
2026-04-20,West,45,2.6,3
2026-04-21,East,25,2.82,3
2026-04-21,North,47,2.72,7
2026-04-21,North-West,72,2.54,6
2026-04-21,South,57,2.67,5
2026-04-21,West,35,2.38,4
2026-04-22,East,28,2.71,4
2026-04-22,North,39,2.87,1
2026-04-22,North-West,61,2.47,4
2026-04-22,South,36,2.47,0
2026-04-22,West,34,2.76,2
2026-04-23,East,25,2.52,3
2026-04-23,North,45,2.63,1
2026-04-23,North-West,71,2.66,5
2026-04-23,South,44,2.68,5
2026-04-23,West,40,2.45,1
2026-04-24,East,32,2.57,2
2026-04-24,North,31,2.76,2
2026-04-24,North-West,72,2.84,9
2026-04-24,South,52,2.34,8
2026-04-24,West,43,2.47,2
2026-04-25,East,28,2.81,3
2026-04-25,North,29,2.58,1
2026-04-25,North-West,55,2.33,6
2026-04-25,South,50,2.77,8
2026-04-25,West,29,2.52,1
2026-04-26,East,30,2.44,2
2026-04-26,North,34,2.73,5
2026-04-26,North-West,74,2.41,5
2026-04-26,South,45,2.9,9
2026-04-26,West,41,2.85,4
2026-04-27,East,17,2.76,0
2026-04-27,North,34,2.63,4
2026-04-27,North-West,72,2.63,3
2026-04-27,South,48,2.88,1
2026-04-27,West,30,2.84,2
2026-04-28,East,21,2.88,3
2026-04-28,North,40,2.47,3
2026-04-28,North-West,74,2.35,4
2026-04-28,South,39,2.69,2
2026-04-28,West,39,2.54,2
2026-04-29,East,35,2.81,3
2026-04-29,North,28,2.45,0
2026-04-29,North-West,69,2.49,6
2026-04-29,South,49,2.61,4
2026-04-29,West,26,2.78,4
2026-04-30,East,23,2.77,1
2026-04-30,North,26,2.38,2
2026-04-30,North-West,60,2.5,6
2026-04-30,South,50,2.66,5
2026-04-30,West,42,2.66,5
2026-05-01,East,29,2.46,4
2026-05-01,North,41,2.56,4
2026-05-01,North-West,75,2.46,4
2026-05-01,South,48,2.32,6
2026-05-01,West,43,2.44,4
2026-05-02,East,31,2.67,1
2026-05-02,North,39,2.71,1
2026-05-02,North-West,71,2.26,1
2026-05-02,South,52,2.67,6
2026-05-02,West,52,2.42,5
2026-05-03,East,30,2.67,1
2026-05-03,North,34,2.58,4
2026-05-03,North-West,71,2.73,3
2026-05-03,South,45,2.7,1
2026-05-03,West,48,2.27,3
2026-05-04,East,23,2.6,3
2026-05-04,North,40,2.62,2
2026-05-04,North-West,40,2.48,5
2026-05-04,South,52,2.55,2
2026-05-04,West,38,2.73,3
2026-05-05,East,27,2.66,0
2026-05-05,North,33,2.31,0
2026-05-05,North-West,65,2.5,3
2026-05-05,South,52,2.65,2
2026-05-05,West,34,2.66,2
2026-05-06,East,29,2.64,1
2026-05-06,North,41,2.73,8
2026-05-06,North-West,78,2.67,5
2026-05-06,South,56,2.54,5
2026-05-06,West,38,2.68,1
2026-05-07,East,25,2.54,0
2026-05-07,North,39,2.37,1
2026-05-07,North-West,71,2.4,9
2026-05-07,South,47,2.54,3
2026-05-07,West,32,2.6,5
2026-05-08,East,25,2.63,1
2026-05-08,North,39,2.4,4
2026-05-08,North-West,63,2.6,2
2026-05-08,South,49,2.69,3
2026-05-08,West,32,2.66,2
2026-05-09,East,28,2.76,2
2026-05-09,North,32,2.62,2
2026-05-09,North-West,69,2.77,6
2026-05-09,South,50,2.48,6
2026-05-09,West,41,2.54,2
2026-05-10,East,26,2.73,1
2026-05-10,North,51,2.64,2
2026-05-10,North-West,74,2.58,7
2026-05-10,South,55,2.57,3
2026-05-10,West,26,2.76,4
2026-05-11,East,27,2.63,0
2026-05-11,North,48,2.5,5
2026-05-11,North-West,68,2.56,4
2026-05-11,South,56,2.47,2
2026-05-11,West,31,2.6,3
2026-05-12,East,33,2.49,3
2026-05-12,North,42,2.65,1
2026-05-12,North-West,75,2.54,8
2026-05-12,South,50,2.84,2
2026-05-12,West,35,2.59,3
2026-05-13,East,20,2.34,4
2026-05-13,North,28,2.7,5
2026-05-13,North-West,62,2.58,10
2026-05-13,South,45,2.73,1
2026-05-13,West,38,2.6,5
2026-05-14,East,13,2.49,2
2026-05-14,North,34,2.74,1
2026-05-14,North-West,84,2.54,11
2026-05-14,South,53,2.73,1
2026-05-14,West,36,2.72,0
2026-05-15,East,19,2.46,0
2026-05-15,North,43,2.61,1
2026-05-15,North-West,74,2.54,7
2026-05-15,South,48,2.45,3
2026-05-15,West,31,2.63,6
2026-05-16,East,23,2.62,3
2026-05-16,North,30,2.61,1
2026-05-16,North-West,72,2.47,3
2026-05-16,South,64,2.66,7
2026-05-16,West,33,2.57,2
2026-05-17,East,35,2.52,2
2026-05-17,North,37,2.51,5
2026-05-17,North-West,53,2.7,4
2026-05-17,South,44,2.52,5
2026-05-17,West,26,2.46,3
2026-05-18,East,19,2.67,1
2026-05-18,North,36,2.57,5
2026-05-18,North-West,57,2.44,6
2026-05-18,South,44,2.78,3
2026-05-18,West,38,2.67,2
2026-05-19,East,22,2.27,1
2026-05-19,North,39,2.64,1
2026-05-19,North-West,74,2.37,7
2026-05-19,South,38,2.75,2
2026-05-19,West,36,2.65,2
2026-05-20,East,29,2.66,2
2026-05-20,North,41,2.79,5
2026-05-20,North-West,65,2.72,6
2026-05-20,South,40,2.57,6
2026-05-20,West,41,2.59,5
2026-05-21,East,35,2.62,2
2026-05-21,North,52,2.43,2
2026-05-21,North-West,65,2.42,4
2026-05-21,South,48,2.18,7
2026-05-21,West,51,2.78,2
2026-05-22,East,24,2.5,3
2026-05-22,North,42,2.46,2
2026-05-22,North-West,52,2.96,2
2026-05-22,South,46,2.51,4
2026-05-22,West,45,2.74,6
2026-05-23,East,30,2.39,1
2026-05-23,North,32,2.86,5
2026-05-23,North-West,57,2.74,5
2026-05-23,South,37,2.73,5
2026-05-23,West,42,2.41,5
2026-05-24,East,23,2.41,1
2026-05-24,North,32,2.52,6
2026-05-24,North-West,53,2.54,2
2026-05-24,South,46,2.64,3
2026-05-24,West,49,2.71,4
2026-05-25,East,27,2.75,0
2026-05-25,North,37,2.73,3
2026-05-25,North-West,69,2.7,4
2026-05-25,South,55,2.31,6
2026-05-25,West,37,2.65,6
2026-05-26,East,24,2.7,3
2026-05-26,North,38,2.71,4
2026-05-26,North-West,63,2.79,3
2026-05-26,South,37,2.56,3
2026-05-26,West,36,2.82,4
2026-05-27,East,28,2.73,9
2026-05-27,North,48,2.86,5
2026-05-27,North-West,67,2.78,2
2026-05-27,South,56,2.61,6
2026-05-27,West,53,2.61,2
2026-05-28,East,19,2.58,2
2026-05-28,North,37,2.45,6
2026-05-28,North-West,80,2.81,4
2026-05-28,South,42,2.6,3
2026-05-28,West,39,2.47,2
2026-05-29,East,19,2.78,3
2026-05-29,North,40,2.61,2
2026-05-29,North-West,61,2.46,4
2026-05-29,South,40,2.44,4
2026-05-29,West,34,2.6,2
2026-05-30,East,22,2.89,2
2026-05-30,North,31,2.79,1
2026-05-30,North-West,69,2.57,6
2026-05-30,South,51,2.84,1
2026-05-30,West,42,2.44,1
2026-05-31,East,24,2.68,4
2026-05-31,North,28,2.51,0
2026-05-31,North-West,68,2.52,7
2026-05-31,South,56,2.55,4
2026-05-31,West,34,2.28,1
2026-06-01,East,29,2.41,1
2026-06-01,North,32,2.48,6
2026-06-01,North-West,56,2.46,3
2026-06-01,South,47,2.63,6
2026-06-01,West,44,2.51,3
2026-06-02,East,33,2.65,2
2026-06-02,North,46,2.72,5
2026-06-02,North-West,54,2.84,4
2026-06-02,South,50,2.53,6
2026-06-02,West,32,2.34,3
2026-06-03,East,23,2.71,1
2026-06-03,North,37,2.65,2
2026-06-03,North-West,73,2.55,9
2026-06-03,South,50,2.56,3
2026-06-03,West,27,2.58,2
2026-06-04,East,20,2.52,2
2026-06-04,North,45,2.67,3
2026-06-04,North-West,64,2.59,4
2026-06-04,South,51,2.41,8
2026-06-04,West,39,2.81,7
2026-06-05,East,29,2.64,2
2026-06-05,North,27,2.87,0
2026-06-05,North-West,75,2.57,6
2026-06-05,South,51,2.61,3
2026-06-05,West,33,2.57,4
2026-06-06,East,25,2.6,3
2026-06-06,North,30,2.55,3
2026-06-06,North-West,61,2.78,4
2026-06-06,South,65,2.57,6
2026-06-06,West,27,2.48,3
2026-06-07,East,33,2.6,3
2026-06-07,North,50,2.62,4
2026-06-07,North-West,72,2.72,7
2026-06-07,South,44,2.52,6
2026-06-07,West,45,2.7,2
2026-06-08,East,31,2.83,2
2026-06-08,North,43,2.38,3
2026-06-08,North-West,80,2.55,7
2026-06-08,South,46,2.88,10
2026-06-08,West,52,2.83,6
2026-06-09,East,33,2.7,1
2026-06-09,North,32,2.4,2
2026-06-09,North-West,74,2.55,4
2026-06-09,South,48,2.71,1
2026-06-09,West,40,2.66,4
2026-06-10,East,24,2.8,1
2026-06-10,North,46,2.62,2
2026-06-10,North-West,67,2.55,6
2026-06-10,South,33,2.86,4
2026-06-10,West,42,2.63,3
2026-06-11,East,20,2.57,1
2026-06-11,North,36,2.38,1
2026-06-11,North-West,64,2.7,4
2026-06-11,South,41,2.68,0
2026-06-11,West,40,2.67,5
2026-06-12,East,29,2.73,2
2026-06-12,North,42,2.56,2
2026-06-12,North-West,60,2.7,3
2026-06-12,South,43,2.72,5
2026-06-12,West,40,2.59,3
2026-06-13,East,35,2.74,0
2026-06-13,North,30,2.58,2
2026-06-13,North-West,61,2.54,3
2026-06-13,South,54,2.66,6
2026-06-13,West,43,2.58,3
2026-06-14,East,24,2.56,1
2026-06-14,North,32,2.73,3
2026-06-14,North-West,67,2.56,11
2026-06-14,South,46,2.49,3
2026-06-14,West,33,2.27,0
2026-06-15,East,23,2.52,2
2026-06-15,North,36,2.64,0
2026-06-15,North-West,82,2.58,7
2026-06-15,South,54,2.7,4
2026-06-15,West,44,2.55,3
2026-06-16,East,30,2.34,1
2026-06-16,North,37,2.65,2
2026-06-16,North-West,63,2.66,5
2026-06-16,South,48,2.71,4
2026-06-16,West,38,2.63,2
2026-06-17,East,25,2.74,1
2026-06-17,North,36,2.64,5
2026-06-17,North-West,84,2.52,9
2026-06-17,South,46,2.57,2
2026-06-17,West,35,2.74,3
2026-06-18,East,24,2.55,0
2026-06-18,North,40,2.41,4
2026-06-18,North-West,75,2.68,7
2026-06-18,South,39,2.64,3
2026-06-18,West,39,2.37,3
2026-06-19,East,24,2.65,1
2026-06-19,North,40,2.49,2
2026-06-19,North-West,53,2.58,5
2026-06-19,South,52,2.51,3
2026-06-19,West,26,2.66,0
2026-06-20,East,27,2.52,4
2026-06-20,North,47,2.54,7
2026-06-20,North-West,48,2.57,1
2026-06-20,South,50,2.43,5
2026-06-20,West,42,2.25,3
2026-06-21,East,22,2.5,2
2026-06-21,North,33,2.63,2
2026-06-21,North-West,62,2.59,6
2026-06-21,South,46,2.63,2
2026-06-21,West,37,2.63,3
2026-06-22,East,27,2.8,2
2026-06-22,North,31,2.34,4
2026-06-22,North-West,73,2.56,2
2026-06-22,South,46,2.87,3
2026-06-22,West,36,2.58,3
2026-06-23,East,22,2.83,2
2026-06-23,North,38,2.5,1
2026-06-23,North-West,62,2.59,4
2026-06-23,South,53,2.41,1
2026-06-23,West,41,2.45,2
2026-06-24,East,15,2.62,2
2026-06-24,North,35,2.75,5
2026-06-24,North-West,64,2.6,5
2026-06-24,South,49,2.58,5
2026-06-24,West,46,2.55,3
2026-06-25,East,24,2.67,3
2026-06-25,North,34,2.69,3
2026-06-25,North-West,64,3.57,10
2026-06-25,South,42,2.92,2
2026-06-25,West,37,2.37,3
2026-06-26,East,22,2.63,1
2026-06-26,North,35,2.73,2
2026-06-26,North-West,77,3.47,11
2026-06-26,South,36,2.97,1
2026-06-26,West,37,2.38,6
2026-06-27,East,25,2.87,3
2026-06-27,North,34,2.67,2
2026-06-27,North-West,59,3.46,9
2026-06-27,South,47,2.48,1
2026-06-27,West,44,2.69,5
2026-06-28,East,24,2.47,0
2026-06-28,North,47,2.85,3
2026-06-28,North-West,64,3.69,16
2026-06-28,South,46,2.33,4
2026-06-28,West,49,2.6,3
2026-06-29,East,28,2.58,1
2026-06-29,North,36,2.5,1
2026-06-29,North-West,70,3.63,21
2026-06-29,South,53,2.66,5
2026-06-29,West,38,2.3,3
2026-06-30,East,26,2.52,3
2026-06-30,North,22,2.64,0
2026-06-30,North-West,41,3.41,13
2026-06-30,South,57,2.41,5
2026-06-30,West,42,2.49,3
2026-07-01,East,34,2.61,0
2026-07-01,North,39,2.5,3
2026-07-01,North-West,59,3.75,7
2026-07-01,South,41,2.42,4
2026-07-01,West,40,2.5,0
2026-07-02,East,27,2.7,3
2026-07-02,North,45,2.85,1
2026-07-02,North-West,52,3.5,19
2026-07-02,South,50,2.68,3
2026-07-02,West,44,2.86,3
2026-07-03,East,27,2.61,5
2026-07-03,North,44,2.45,8
2026-07-03,North-West,53,3.4,13
2026-07-03,South,49,2.43,6
2026-07-03,West,32,2.67,2
2026-07-04,East,24,2.67,2
2026-07-04,North,34,2.78,3
2026-07-04,North-West,69,3.53,20
2026-07-04,South,51,2.5,5
2026-07-04,West,39,2.94,5
2026-07-05,East,24,2.51,2
2026-07-05,North,45,2.47,2
2026-07-05,North-West,64,3.54,18
2026-07-05,South,47,2.62,4
2026-07-05,West,45,2.53,5
2026-07-06,East,23,2.6,1
2026-07-06,North,43,2.61,3
2026-07-06,North-West,75,3.53,12
2026-07-06,South,30,2.19,3
2026-07-06,West,32,2.56,3
2026-07-07,East,21,2.78,1
2026-07-07,North,30,2.45,1
2026-07-07,North-West,53,3.67,6
2026-07-07,South,45,2.43,3
2026-07-07,West,42,2.45,5
2026-07-08,East,31,2.71,1
2026-07-08,North,40,2.53,5
2026-07-08,North-West,65,3.54,11
2026-07-08,South,57,2.44,1
2026-07-08,West,45,2.73,5
2026-07-09,East,9,2.56,2
2026-07-09,North,36,2.64,4
2026-07-09,North-West,43,3.36,9
2026-07-09,South,43,2.54,6
2026-07-09,West,50,2.34,6
2026-07-10,East,31,2.7,4
2026-07-10,North,51,2.83,4
2026-07-10,North-West,34,3.63,6
2026-07-10,South,38,2.44,5
2026-07-10,West,36,2.45,4
2026-07-11,East,32,2.67,2
2026-07-11,North,30,2.78,0
2026-07-11,North-West,75,3.54,17
2026-07-11,South,47,2.83,2
2026-07-11,West,34,2.45,4
2026-07-12,East,33,2.61,2
2026-07-12,North,41,2.44,2
2026-07-12,North-West,47,3.32,13
2026-07-12,South,51,2.42,4
2026-07-12,West,36,2.76,3
2026-07-13,East,31,2.52,2
2026-07-13,North,38,2.57,1
2026-07-13,North-West,51,3.34,10
2026-07-13,South,51,2.79,12
2026-07-13,West,32,2.72,1
2026-07-14,East,20,2.75,3
2026-07-14,North,47,2.81,3
2026-07-14,North-West,49,3.22,6
2026-07-14,South,51,2.73,6
2026-07-14,West,38,2.71,2
2026-07-15,East,25,2.78,2
2026-07-15,North,42,2.61,7
2026-07-15,North-West,64,3.53,8
2026-07-15,South,36,2.57,2
2026-07-15,West,40,2.44,2
2026-07-16,East,25,2.67,2
2026-07-16,North,26,2.73,1
2026-07-16,North-West,58,3.35,13
2026-07-16,South,56,2.66,6
2026-07-16,West,35,2.72,6
2026-07-17,East,28,2.81,2
2026-07-17,North,43,2.44,2
2026-07-17,North-West,71,3.16,16
2026-07-17,South,41,2.58,3
2026-07-17,West,36,2.58,4
2026-07-18,East,29,2.87,2
2026-07-18,North,25,2.69,7
2026-07-18,North-West,60,3.4,13
2026-07-18,South,60,2.62,4
2026-07-18,West,52,2.63,2
2026-07-19,East,28,2.64,2
2026-07-19,North,42,2.41,2
2026-07-19,North-West,54,3.37,12
2026-07-19,South,44,2.97,5
2026-07-19,West,38,2.9,0
2026-07-20,East,28,2.52,1
2026-07-20,North,38,2.55,4
2026-07-20,North-West,61,3.4,17
2026-07-20,South,48,2.59,3
2026-07-20,West,40,2.91,4
2026-07-21,East,29,2.44,3
2026-07-21,North,46,2.52,4
2026-07-21,North-West,64,3.57,11
2026-07-21,South,55,2.48,4
2026-07-21,West,43,2.44,4
2026-07-22,East,22,2.18,4
2026-07-22,North,29,2.82,1
2026-07-22,North-West,41,3.7,13
2026-07-22,South,39,2.66,0
2026-07-22,West,28,2.46,1
2026-07-23,East,19,2.5,2
2026-07-23,North,28,2.36,4
2026-07-23,North-West,62,3.42,11
2026-07-23,South,45,2.68,2
2026-07-23,West,31,2.66,5
2026-07-24,East,20,2.59,0
2026-07-24,North,36,2.67,2
2026-07-24,North-West,52,3.59,13
2026-07-24,South,56,2.57,5
2026-07-24,West,33,2.71,1
2026-07-25,East,30,2.59,2
2026-07-25,North,30,2.55,0
2026-07-25,North-West,63,3.33,16
2026-07-25,South,41,2.71,3
2026-07-25,West,33,2.97,1
2026-07-26,East,17,2.66,2
2026-07-26,North,41,2.52,3
2026-07-26,North-West,56,3.85,15
2026-07-26,South,40,2.56,1
2026-07-26,West,41,2.64,3
2026-07-27,East,24,2.46,2
2026-07-27,North,32,2.77,1
2026-07-27,North-West,62,3.53,14
2026-07-27,South,57,2.36,2
2026-07-27,West,36,2.52,2
2026-07-28,East,26,2.41,0
2026-07-28,North,37,2.7,3
2026-07-28,North-West,54,3.69,10
2026-07-28,South,44,2.71,4
2026-07-28,West,39,2.5,5
2026-07-29,East,24,2.84,1
2026-07-29,North,38,2.74,2
2026-07-29,North-West,55,3.34,10
2026-07-29,South,34,2.92,3
2026-07-29,West,51,2.41,4
2026-07-30,East,29,2.71,4
2026-07-30,North,40,2.55,1
2026-07-30,North-West,45,3.54,9
2026-07-30,South,45,2.65,2
2026-07-30,West,42,2.59,5
2026-07-31,East,24,2.45,1
2026-07-31,North,52,2.45,3
2026-07-31,North-West,71,3.54,14
2026-07-31,South,50,2.36,5
2026-07-31,West,37,2.45,2
2026-08-01,East,26,2.62,1
2026-08-01,North,35,2.67,1
2026-08-01,North-West,67,3.4,15
2026-08-01,South,48,2.57,7
2026-08-01,West,29,2.71,2
2026-08-02,East,19,2.76,1
2026-08-02,North,46,2.53,2
2026-08-02,North-West,51,3.53,17
2026-08-02,South,47,2.62,7
2026-08-02,West,37,2.43,2
2026-08-03,East,26,2.57,3
2026-08-03,North,39,2.64,3
2026-08-03,North-West,57,3.37,11
2026-08-03,South,53,2.51,2
2026-08-03,West,42,2.89,3
2026-08-04,East,33,2.72,5
2026-08-04,North,39,2.47,1
2026-08-04,North-West,67,3.64,18
2026-08-04,South,33,2.75,4
2026-08-04,West,33,2.59,1
2026-08-05,East,24,2.64,1
2026-08-05,North,37,2.63,0
2026-08-05,North-West,53,3.65,5
2026-08-05,South,42,2.54,1
2026-08-05,West,39,2.49,8
2026-08-06,East,25,2.5,3
2026-08-06,North,29,2.69,1
2026-08-06,North-West,60,3.47,7
2026-08-06,South,41,2.56,2
2026-08-06,West,45,2.48,8
2026-08-07,East,32,2.61,1
2026-08-07,North,35,2.54,3
2026-08-07,North-West,57,3.61,9
2026-08-07,South,61,2.63,7
2026-08-07,West,49,2.54,4
2026-08-08,East,18,2.42,3
2026-08-08,North,33,2.52,6
2026-08-08,North-West,58,3.52,5
2026-08-08,South,48,2.85,3
2026-08-08,West,46,2.4,4
2026-08-09,East,18,2.56,0
2026-08-09,North,21,2.77,2
2026-08-09,North-West,71,3.26,17
2026-08-09,South,50,2.44,1
2026-08-09,West,52,2.59,2
2026-08-10,East,32,2.54,5
2026-08-10,North,51,2.5,6
2026-08-10,North-West,66,3.28,16
2026-08-10,South,54,2.72,4
2026-08-10,West,41,2.78,3
2026-08-11,East,38,2.45,3
2026-08-11,North,35,2.74,2
2026-08-11,North-West,66,3.5,16
2026-08-11,South,50,2.37,3
2026-08-11,West,45,2.54,2
2026-08-12,East,31,2.38,4
2026-08-12,North,37,2.78,3
2026-08-12,North-West,54,3.37,13
2026-08-12,South,50,2.69,3
2026-08-12,West,35,2.68,1
2026-08-13,East,20,2.64,3
2026-08-13,North,46,2.4,6
2026-08-13,North-West,53,3.45,9
2026-08-13,South,39,2.74,4
2026-08-13,West,33,2.7,4
2026-08-14,East,22,2.65,1
2026-08-14,North,30,2.47,2
2026-08-14,North-West,69,3.26,15
2026-08-14,South,41,2.64,4
2026-08-14,West,44,2.44,4
2026-08-15,East,30,2.88,1
2026-08-15,North,39,2.49,3
2026-08-15,North-West,44,3.76,3
2026-08-15,South,38,2.33,3
2026-08-15,West,46,2.41,5
2026-08-16,East,26,2.58,0
2026-08-16,North,27,2.62,5
2026-08-16,North-West,50,3.44,2
2026-08-16,South,54,2.45,6
2026-08-16,West,27,2.64,2
2026-08-17,East,28,2.44,4
2026-08-17,North,36,2.46,2
2026-08-17,North-West,63,3.52,12
2026-08-17,South,39,2.46,3
2026-08-17,West,49,2.54,5
2026-08-18,East,23,2.74,1
2026-08-18,North,32,2.86,4
2026-08-18,North-West,60,3.42,12
2026-08-18,South,40,2.85,2
2026-08-18,West,35,2.52,6
2026-08-19,East,27,2.31,1
2026-08-19,North,39,2.74,3
2026-08-19,North-West,63,3.38,15
2026-08-19,South,56,2.72,5
2026-08-19,West,33,2.62,5
2026-08-20,East,21,2.54,1
2026-08-20,North,28,2.67,1
2026-08-20,North-West,63,3.3,12
2026-08-20,South,39,2.72,4
2026-08-20,West,43,2.41,5
2026-08-21,East,25,2.36,1
2026-08-21,North,33,2.59,2
2026-08-21,North-West,57,3.79,9
2026-08-21,South,52,2.58,4
2026-08-21,West,40,2.75,1
2026-08-22,East,33,2.71,4
2026-08-22,North,34,2.66,3
2026-08-22,North-West,54,3.68,10
2026-08-22,South,50,2.48,3
2026-08-22,West,47,2.7,3
2026-08-23,East,28,2.68,3
2026-08-23,North,39,2.71,7
2026-08-23,North-West,73,3.6,14
2026-08-23,South,41,2.6,9
2026-08-23,West,30,2.49,0
2026-08-24,East,28,2.34,0
2026-08-24,North,33,2.72,3
2026-08-24,North-West,55,3.39,7
2026-08-24,South,47,2.93,2
2026-08-24,West,37,2.88,4
2026-08-25,East,33,2.77,3
2026-08-25,North,34,2.83,3
2026-08-25,North-West,47,3.67,10
2026-08-25,South,49,2.74,3
2026-08-25,West,33,2.85,1
